<?xml version="1.0" encoding="utf-8"?>

<list>
  <item type="dictionary">
    <dictionary>
      <item key="data"><![CDATA[#!/usr/bin/python
# -*- coding: utf-8 -*-
from xml.dom import minidom
import operator
import os
import re
import shutil
import tempfile
import urllib

env = {}
dpi = 3000
images = []
nums = []

rels = []
def rels_append(rel):
  if rel not in rels:
    rels.append(rel)
  rid = "rId%i"%(rels.index(rel)+1)
  return rid

def read_image(d):
  from OFS.Image import Image
  src = d['src']
  if src.startswith('/'):
    src = '%s/%s'%(env['server_url'],src)
  url = urllib.urlopen(src)
  file = url.read()
  image = Image( id='',title='',file=file)
  d['data'] = file
  d['width'] = image.width
  d['height'] = image.height
  d['content_type'] = image.content_type
  return d

def write_media(name, data):
  folder = os.path.join(env['tempfolder'],'word','media')
  if not os.path.exists(folder):
    os.makedirs(folder)
  f = open(os.path.join(folder,name),'wb')
  f.write(data)
  f.close()

def process_images(docbookxml):
  for pq in [('\\[\\[img(.*?)\\]\\]','src'),]:
    p = pq[0]
    q = pq[1]
    r = re.compile(p)
    for f in r.findall(docbookxml):
      d = dict(re.findall('\\s(.*?)=&quot;(.*?)&quot;',f))
      read_image(d)
      index = len(images)
      name = d['src'].split('/')[-1]
      image = 'image%i.%s'%(index,name.split('.')[-1])
      rid = rels_append({'Type':"http://schemas.openxmlformats.org/officeDocument/2006/relationships/image","Target":"media/%s"%image})
      cx = int(d['width'])*dpi
      cy = int(d['height'])*dpi
      d['index'] = index
      d['rid'] = rid
      d['name'] = image
      images.append(d)
      old = p.replace('\\','').replace('(.*?)',f)
      new = '''<w:drawing>
	<wp:inline distT="0" distB="0" distL="0" distR="0">
		<wp:extent cx="%i" cy="%i"/>
		<wp:effectExtent l="0" t="0" r="0" b="3810"/>
		<wp:docPr id="%i" name="Drawing %i"/>
		<wp:cNvGraphicFramePr>
			<a:graphicFrameLocks xmlns:a="http://schemas.openxmlformats.org/drawingml/2006/main" noChangeAspect="1"/>
		</wp:cNvGraphicFramePr>
		<a:graphic xmlns:a="http://schemas.openxmlformats.org/drawingml/2006/main">
			<a:graphicData uri="http://schemas.openxmlformats.org/drawingml/2006/picture">
				<pic:pic xmlns:pic="http://schemas.openxmlformats.org/drawingml/2006/picture">
					<pic:nvPicPr>
						<pic:cNvPr id="%i" name="%s"/>
						<pic:cNvPicPr/>
					</pic:nvPicPr>
					<pic:blipFill>
						<a:blip r:embed="%s">
							<a:extLst>
								<a:ext uri="{28A0092B-C50C-407E-A947-70E740481C1C}">
									<a14:useLocalDpi xmlns:a14="http://schemas.microsoft.com/office/drawing/2010/main" val="0"/>
								</a:ext>
							</a:extLst>
						</a:blip>
						<a:stretch>
							<a:fillRect/>
						</a:stretch>
					</pic:blipFill>
					<pic:spPr>
						<a:xfrm>
							<a:off x="0" y="0"/>
							<a:ext cx="%i" cy="%i"/>
						</a:xfrm>
						<a:prstGeom prst="rect">
							<a:avLst/>
						</a:prstGeom>
					</pic:spPr>
				</pic:pic>
			</a:graphicData>
		</a:graphic>
	</wp:inline>
</w:drawing>'''%(cx,cy,index,index,index,name,rid,cx,cy)
      docbookxml = docbookxml.replace(old,new)
      # Write media.
      write_media(d['name'],d['data'])
  return docbookxml

uid = []
def find_regions(dom,lpr=[],ppr=[]):
  r = []
  for childNode in dom.childNodes:
    if childNode.nodeType==childNode.ELEMENT_NODE and childNode.nodeName in lpr:
      pa = childNode.nodeName
      pd = dict(childNode.attributes.items())
      pd['uid'] = len(uid)
      uid.append(1)
      r.extend(find_regions(childNode,lpr,ppr+[{'name':pa,'attrs':pd}]))
    else:
      r.append({'pr':ppr,'content':childNode.toxml()})
  return r

def join_regions(r,lpr=[]):
  l = []
  for i in r:
    if len(l) == 0:
      l.append(i)
    else:
      if l[-1]['pr'] == i['pr']:
        l[-1]['content'] += i['content']
      else:
        l.append(i)
  return [x for x in l if len(x['content'].strip())>0]

def f_hyperlink(l,i,d):
  href = i['attrs'].get('href')
  if href is not None:
    rid = rels_append({'Type':"http://schemas.openxmlformats.org/officeDocument/2006/relationships/hyperlink",'Target':href,'TargetMode':"External"})
    l.append({'name':'w:hyperlink','attrs':{'r:id':rid}})

def f_ul(l,i,d):
  d['ul'] = d.get('ul',0)+1
  uid = i['attrs']['uid']
  num = {'uid':uid,'abstract':0}
  if num not in nums:
    nums.append(num)

def f_ol(l,i,d):
  d['ul'] = d.get('ul',0)+1
  uid = i['attrs']['uid']
  num = {'uid':uid,'abstract':1}
  if num not in nums:
    nums.append(num)

def f_li(l,i,d):
  ilvl = d.get('ul',1)-1
  numId = len(nums)
  l.append('''<w:pStyle w:val="Listenabsatz"/>
<w:numPr>
	<w:ilvl w:val="%i"/>
	<w:numId w:val="%i"/>
</w:numPr>'''%(ilvl,numId))

regions = {
      'img'   :{'type':'drawing',},
      'strong':{'type':'region','pr':'<w:b/>','t':[{'name':'w:r'}]},
      'b'     :{'type':'region','pr':'<w:b/>','t':[{'name':'w:r'}]},
      'i'     :{'type':'region','pr':'<w:i/>','t':[{'name':'w:r'}]},
      'u'     :{'type':'region','pr':'<w:u/>','t':[{'name':'w:r'}]},
      'a'     :{'type':'region','pr':'<w:rStyle w:val="Hyperlink"/>','t':[f_hyperlink,{'name':'w:r'}]},
      'p'     :{'type':'paragraph','pr':None,'t':[{'name':'w:p'}]},
      #'table' :{'type':'paragraph','pr':'<w:tblStyle w:val="Tabellenraster"/><w:tblW w:w="0" w:type="auto"/>','t':[{'name':'w:tbl'}]},
      'ul'    :{'type':'paragraph','pr':f_ul,'t':[]},
      'ol'    :{'type':'paragraph','pr':f_ol,'t':[]},
      'li'    :{'type':'paragraph','pr':f_li,'t':[{'name':'w:p'}]},
      'h1'    :{'type':'paragraph','pr':'<w:pStyle w:val="berschrift1"/>','t':[{'name':'w:p'}]},
      'h2'    :{'type':'paragraph','pr':'<w:pStyle w:val="berschrift2"/>','t':[{'name':'w:p'}]},
      'h3'    :{'type':'paragraph','pr':'<w:pStyle w:val="berschrift3"/>','t':[{'name':'w:p'}]},
      'h4'    :{'type':'paragraph','pr':'<w:pStyle w:val="berschrift4"/>','t':[{'name':'w:p'}]},
      'h5'    :{'type':'paragraph','pr':'<w:pStyle w:val="berschrift5"/>','t':[{'name':'w:p'}]},
      'h6'    :{'type':'paragraph','pr':'<w:pStyle w:val="berschrift6"/>','t':[{'name':'w:p'}]},
    }

def filter_regions(vtype):
  # Py-2.7: {k: v for k, v in regions.iteritems() if v['type']==vtype}
  d = {}
  [operator.setitem(d,x,regions[x]) for x in list(region) if regions[x]['type']==vtype]
  return d

def process_regions(html,):
  vtype = 'region'
  dpr = filter_regions(vtype)
  html = html.encode('utf-8')
  dom = minidom.parseString('<?xml version="1.0" encoding="UTF-8" standalone="yes"?><html>%s</html>'%html).childNodes[0]
  r = find_regions(dom,lpr=list(dpr))
  r = join_regions(r,lpr=list(dpr))
  docbookxml = ''
  for i in r:
    d = {}
    pr = i['pr']
    content = i['content']
    if len(content.strip()) > 0:
      # <w:r>
      t = []
      if not pr:
        t.append({'name':'w:%s'%vtype[0]})
      for ipr in pr:
        for f in dpr.get(ipr['name'],{})['t']:
          if type(f) is dict:
            if f not in t:
              t.append(f)
          elif f is not None:
            f(t,ipr,d)
      for ti in t:
        tn = ti['name']
        ta = ti.get('attrs',{})
        docbookxml += '<%s %s>\n'%(tn,' '.join(['%s="%s"'%(x,ta[x]) for x in ta]))
      # <w:rPr>
      lpr = []
      for ipr in pr:
        f = dpr.get(ipr['name'],{})['pr']
        if type(f) is str:
          lpr.append(f)
        elif f is not None:
          f(lpr,ipr,d)
      if len(lpr) > 0:
        vname = t[-1]['name']
        docbookxml += '<%sPr>\n'%vname
        docbookxml += '\n'.join(lpr)
        docbookxml += '</%sPr>\n'%vname
      # content
      content = '<w:t xml:space="preserve">'+content+'</w:t>\n'
      docbookxml += content
      # </w:r>
      t.reverse()
      for ti in t:
        tn = ti['name']
        docbookxml += '</%s>\n'%tn
  return docbookxml

def process_paragraphs(html):
  vtype = 'paragraph'
  dpr = filter_regions(vtype)
  dom = minidom.parseString('<?xml version="1.0" encoding="UTF-8" standalone="yes"?><html>%s</html>'%html).childNodes[0]
  r = find_regions(dom,lpr=list(dpr))
  r = join_regions(r,lpr=list(dpr))
  docbookxml = ''
  for i in r:
    d  = {}
    pr = i['pr']
    content = process_regions(i['content'])
    if len(content.strip()) > 0:
      # <w:p>
      t = []
      if not pr:
        t.append({'name':'w:%s'%vtype[0]})
      for ipr in pr:
        for f in dpr.get(ipr['name'],{})['t']:
          if type(f) is dict:
            if f not in t:
              t.append(f)
          elif f is not None:
            f(t,ipr,d)
      for ti in t:
        tn = ti['name']
        ta = ti.get('attrs',{})
        docbookxml += '<%s %s>\n'%(tn,' '.join(['%s="%s"'%(x,ta[x]) for x in ta]))
      # <w:pPr>
      lpr = []
      for ipr in pr:
        f = dpr.get(ipr['name'],{})['pr']
        if type(f) is str:
          lpr.append(f)
        elif f is not None:
          f(lpr,ipr,d)
      if len(lpr) > 0:
        vname = t[-1]['name']
        docbookxml += '<%sPr>\n'%vname
        docbookxml += '\n'.join(lpr)
        docbookxml += '</%sPr>\n'%vname
      # content
      docbookxml += content
      # </w:p>
      t.reverse()
      for ti in t:
        tn = ti['name']
        docbookxml += '</%s>\n'%tn
  return docbookxml

def html2docbook(html):
  r = re.compile('<(.*?)>')
  for f in r.findall(html):
    n = f
    if n.find(' ') > 0:
      n = n[:n.find(' ')]
    if n.startswith('/'):
      n = n[1:]
    elif n.endswith('/'):
      n = n[:-1]
    if n not in regions:
      html = html.replace('<%s>'%f,'')
    elif regions[n]['type']=='drawing':
      html = html.replace('<%s>'%f,'[[%s]]'%f)
  html = re.sub('<a .*?href="javascript:.*?".*?>((\\S|\\s)*?)<\\/a>','\\1',html)
  html = re.sub('<!--(.*?)-->','',html)
  html = re.sub('&nbsp;',' ',html)
  html = re.sub('&sect;','§',html)
  html = re.sub('&(.*?);','&amp;\\1;',html)
  html = html.replace('\n',' ')
  html = html.replace('\r',' ')
  html = html.replace('\t',' ')
  while html.find('  ')>=0:
    html = html.replace('  ',' ')
  docbookxml = process_paragraphs(html)
  docbookxml = process_images(docbookxml)
  return docbookxml

def manage_exportDocx( self):
  request = self.REQUEST
  tempfolder = tempfile.mktemp()
  request.set('URL',self.absolute_url())
  env['self'] = self
  env['server_url'] = request['SERVER_URL']
  env['tempfolder'] = tempfolder
  
  os.makedirs(os.path.join(tempfolder,'_rels'))
  f = open(os.path.join(tempfolder,'_rels','.rels'),'w')
  f.write('''<?xml version="1.0" encoding="UTF-8" standalone="yes"?>
<Relationships xmlns="http://schemas.openxmlformats.org/package/2006/relationships">
	<Relationship Id="rId3" Type="http://schemas.openxmlformats.org/officeDocument/2006/relationships/extended-properties" Target="docProps/app.xml"/>
	<Relationship Id="rId2" Type="http://schemas.openxmlformats.org/package/2006/relationships/metadata/core-properties" Target="docProps/core.xml"/>
	<Relationship Id="rId1" Type="http://schemas.openxmlformats.org/officeDocument/2006/relationships/officeDocument" Target="word/document.xml"/>
</Relationships>''')
  f.close()
  
  os.makedirs(os.path.join(tempfolder,'docProps'))
  f = open(os.path.join(tempfolder,'docProps','app.xml'),'w')
  f.write('''<?xml version="1.0" encoding="UTF-8" standalone="yes"?>
<Properties xmlns="http://schemas.openxmlformats.org/officeDocument/2006/extended-properties" xmlns:vt="http://schemas.openxmlformats.org/officeDocument/2006/docPropsVTypes"><Template>F587E060.dotm</Template><TotalTime>0</TotalTime><Pages>8</Pages><Words>3379</Words><Characters>21290</Characters><Application>Microsoft Office Word</Application><DocSecurity>0</DocSecurity><Lines>177</Lines><Paragraphs>49</Paragraphs><ScaleCrop>false</ScaleCrop><Company>Beitragsservice von ARD, ZDF und Deutschlandradio</Company><LinksUpToDate>false</LinksUpToDate><CharactersWithSpaces>24620</CharactersWithSpaces><SharedDoc>false</SharedDoc><HyperlinksChanged>false</HyperlinksChanged><AppVersion>15.0000</AppVersion></Properties>''')  
  f.close()
  
  f = open(os.path.join(tempfolder,'docProps','core.xml'),'w')
  f.write('''<?xml version="1.0" encoding="UTF-8" standalone="yes"?>
<cp:coreProperties xmlns:cp="http://schemas.openxmlformats.org/package/2006/metadata/core-properties" xmlns:dc="http://purl.org/dc/elements/1.1/" xmlns:dcterms="http://purl.org/dc/terms/" xmlns:dcmitype="http://purl.org/dc/dcmitype/" xmlns:xsi="http://www.w3.org/2001/XMLSchema-instance"><dc:title></dc:title><dc:subject></dc:subject><dc:creator>Dirk Nordmann</dc:creator><cp:keywords></cp:keywords><dc:description></dc:description><cp:lastModifiedBy>Dirk Nordmann</cp:lastModifiedBy><cp:revision>2</cp:revision><dcterms:created xsi:type="dcterms:W3CDTF">2016-04-21T05:13:00Z</dcterms:created><dcterms:modified xsi:type="dcterms:W3CDTF">2016-04-21T10:51:00Z</dcterms:modified></cp:coreProperties>''')  
  f.close()
  
  os.makedirs(os.path.join(tempfolder,'word'))
  
  # Theme
  rels.append({'Type':"http://schemas.openxmlformats.org/officeDocument/2006/relationships/theme",'Target':"theme/theme1.xml"})
  os.makedirs(os.path.join(tempfolder,'word','theme'))
  f = open(os.path.join(tempfolder,'word','theme','theme1.xml'),'w')
  f.write('''<?xml version="1.0" encoding="UTF-8" standalone="yes"?>
<a:theme xmlns:a="http://schemas.openxmlformats.org/drawingml/2006/main" name="Office Theme"><a:themeElements><a:clrScheme name="Office"><a:dk1><a:sysClr val="windowText" lastClr="000000"/></a:dk1><a:lt1><a:sysClr val="window" lastClr="FFFFFF"/></a:lt1><a:dk2><a:srgbClr val="44546A"/></a:dk2><a:lt2><a:srgbClr val="E7E6E6"/></a:lt2><a:accent1><a:srgbClr val="5B9BD5"/></a:accent1><a:accent2><a:srgbClr val="ED7D31"/></a:accent2><a:accent3><a:srgbClr val="A5A5A5"/></a:accent3><a:accent4><a:srgbClr val="FFC000"/></a:accent4><a:accent5><a:srgbClr val="4472C4"/></a:accent5><a:accent6><a:srgbClr val="70AD47"/></a:accent6><a:hlink><a:srgbClr val="0563C1"/></a:hlink><a:folHlink><a:srgbClr val="954F72"/></a:folHlink></a:clrScheme><a:fontScheme name="Office"><a:majorFont><a:latin typeface="Calibri Light" panose="020F0302020204030204"/><a:ea typeface=""/><a:cs typeface=""/><a:font script="Jpan" typeface="ＭＳ ゴシック"/><a:font script="Hang" typeface="맑은 고딕"/><a:font script="Hans" typeface="宋体"/><a:font script="Hant" typeface="新細明體"/><a:font script="Arab" typeface="Times New Roman"/><a:font script="Hebr" typeface="Times New Roman"/><a:font script="Thai" typeface="Angsana New"/><a:font script="Ethi" typeface="Nyala"/><a:font script="Beng" typeface="Vrinda"/><a:font script="Gujr" typeface="Shruti"/><a:font script="Khmr" typeface="MoolBoran"/><a:font script="Knda" typeface="Tunga"/><a:font script="Guru" typeface="Raavi"/><a:font script="Cans" typeface="Euphemia"/><a:font script="Cher" typeface="Plantagenet Cherokee"/><a:font script="Yiii" typeface="Microsoft Yi Baiti"/><a:font script="Tibt" typeface="Microsoft Himalaya"/><a:font script="Thaa" typeface="MV Boli"/><a:font script="Deva" typeface="Mangal"/><a:font script="Telu" typeface="Gautami"/><a:font script="Taml" typeface="Latha"/><a:font script="Syrc" typeface="Estrangelo Edessa"/><a:font script="Orya" typeface="Kalinga"/><a:font script="Mlym" typeface="Kartika"/><a:font script="Laoo" typeface="DokChampa"/><a:font script="Sinh" typeface="Iskoola Pota"/><a:font script="Mong" typeface="Mongolian Baiti"/><a:font script="Viet" typeface="Times New Roman"/><a:font script="Uigh" typeface="Microsoft Uighur"/><a:font script="Geor" typeface="Sylfaen"/></a:majorFont><a:minorFont><a:latin typeface="Calibri" panose="020F0502020204030204"/><a:ea typeface=""/><a:cs typeface=""/><a:font script="Jpan" typeface="ＭＳ 明朝"/><a:font script="Hang" typeface="맑은 고딕"/><a:font script="Hans" typeface="宋体"/><a:font script="Hant" typeface="新細明體"/><a:font script="Arab" typeface="Arial"/><a:font script="Hebr" typeface="Arial"/><a:font script="Thai" typeface="Cordia New"/><a:font script="Ethi" typeface="Nyala"/><a:font script="Beng" typeface="Vrinda"/><a:font script="Gujr" typeface="Shruti"/><a:font script="Khmr" typeface="DaunPenh"/><a:font script="Knda" typeface="Tunga"/><a:font script="Guru" typeface="Raavi"/><a:font script="Cans" typeface="Euphemia"/><a:font script="Cher" typeface="Plantagenet Cherokee"/><a:font script="Yiii" typeface="Microsoft Yi Baiti"/><a:font script="Tibt" typeface="Microsoft Himalaya"/><a:font script="Thaa" typeface="MV Boli"/><a:font script="Deva" typeface="Mangal"/><a:font script="Telu" typeface="Gautami"/><a:font script="Taml" typeface="Latha"/><a:font script="Syrc" typeface="Estrangelo Edessa"/><a:font script="Orya" typeface="Kalinga"/><a:font script="Mlym" typeface="Kartika"/><a:font script="Laoo" typeface="DokChampa"/><a:font script="Sinh" typeface="Iskoola Pota"/><a:font script="Mong" typeface="Mongolian Baiti"/><a:font script="Viet" typeface="Arial"/><a:font script="Uigh" typeface="Microsoft Uighur"/><a:font script="Geor" typeface="Sylfaen"/></a:minorFont></a:fontScheme><a:fmtScheme name="Office"><a:fillStyleLst><a:solidFill><a:schemeClr val="phClr"/></a:solidFill><a:gradFill rotWithShape="1"><a:gsLst><a:gs pos="0"><a:schemeClr val="phClr"><a:lumMod val="110000"/><a:satMod val="105000"/><a:tint val="67000"/></a:schemeClr></a:gs><a:gs pos="50000"><a:schemeClr val="phClr"><a:lumMod val="105000"/><a:satMod val="103000"/><a:tint val="73000"/></a:schemeClr></a:gs><a:gs pos="100000"><a:schemeClr val="phClr"><a:lumMod val="105000"/><a:satMod val="109000"/><a:tint val="81000"/></a:schemeClr></a:gs></a:gsLst><a:lin ang="5400000" scaled="0"/></a:gradFill><a:gradFill rotWithShape="1"><a:gsLst><a:gs pos="0"><a:schemeClr val="phClr"><a:satMod val="103000"/><a:lumMod val="102000"/><a:tint val="94000"/></a:schemeClr></a:gs><a:gs pos="50000"><a:schemeClr val="phClr"><a:satMod val="110000"/><a:lumMod val="100000"/><a:shade val="100000"/></a:schemeClr></a:gs><a:gs pos="100000"><a:schemeClr val="phClr"><a:lumMod val="99000"/><a:satMod val="120000"/><a:shade val="78000"/></a:schemeClr></a:gs></a:gsLst><a:lin ang="5400000" scaled="0"/></a:gradFill></a:fillStyleLst><a:lnStyleLst><a:ln w="6350" cap="flat" cmpd="sng" algn="ctr"><a:solidFill><a:schemeClr val="phClr"/></a:solidFill><a:prstDash val="solid"/><a:miter lim="800000"/></a:ln><a:ln w="12700" cap="flat" cmpd="sng" algn="ctr"><a:solidFill><a:schemeClr val="phClr"/></a:solidFill><a:prstDash val="solid"/><a:miter lim="800000"/></a:ln><a:ln w="19050" cap="flat" cmpd="sng" algn="ctr"><a:solidFill><a:schemeClr val="phClr"/></a:solidFill><a:prstDash val="solid"/><a:miter lim="800000"/></a:ln></a:lnStyleLst><a:effectStyleLst><a:effectStyle><a:effectLst/></a:effectStyle><a:effectStyle><a:effectLst/></a:effectStyle><a:effectStyle><a:effectLst><a:outerShdw blurRad="57150" dist="19050" dir="5400000" algn="ctr" rotWithShape="0"><a:srgbClr val="000000"><a:alpha val="63000"/></a:srgbClr></a:outerShdw></a:effectLst></a:effectStyle></a:effectStyleLst><a:bgFillStyleLst><a:solidFill><a:schemeClr val="phClr"/></a:solidFill><a:solidFill><a:schemeClr val="phClr"><a:tint val="95000"/><a:satMod val="170000"/></a:schemeClr></a:solidFill><a:gradFill rotWithShape="1"><a:gsLst><a:gs pos="0"><a:schemeClr val="phClr"><a:tint val="93000"/><a:satMod val="150000"/><a:shade val="98000"/><a:lumMod val="102000"/></a:schemeClr></a:gs><a:gs pos="50000"><a:schemeClr val="phClr"><a:tint val="98000"/><a:satMod val="130000"/><a:shade val="90000"/><a:lumMod val="103000"/></a:schemeClr></a:gs><a:gs pos="100000"><a:schemeClr val="phClr"><a:shade val="63000"/><a:satMod val="120000"/></a:schemeClr></a:gs></a:gsLst><a:lin ang="5400000" scaled="0"/></a:gradFill></a:bgFillStyleLst></a:fmtScheme></a:themeElements><a:objectDefaults/><a:extraClrSchemeLst/><a:extLst><a:ext uri="{05A4C25C-085E-4340-85A3-A5531E510DB2}"><thm15:themeFamily xmlns:thm15="http://schemas.microsoft.com/office/thememl/2012/main" name="Office Theme" id="{62F939B6-93AF-4DB8-9C6B-D6C7DFDC589F}" vid="{4A3C46E8-61CC-4603-A589-7422A47A8E4A}"/></a:ext></a:extLst></a:theme>''')
  f.close()
  
  # Font-Table
  rels.append({'Type':"http://schemas.openxmlformats.org/officeDocument/2006/relationships/fontTable",'Target':"fontTable.xml"})
  f = open(os.path.join(tempfolder,'word','fontTable.xml'),'w')
  f.write('''<?xml version="1.0" encoding="UTF-8" standalone="yes"?>
<w:fonts xmlns:mc="http://schemas.openxmlformats.org/markup-compatibility/2006" xmlns:r="http://schemas.openxmlformats.org/officeDocument/2006/relationships" xmlns:w="http://schemas.openxmlformats.org/wordprocessingml/2006/main" xmlns:w14="http://schemas.microsoft.com/office/word/2010/wordml" xmlns:w15="http://schemas.microsoft.com/office/word/2012/wordml" mc:Ignorable="w14 w15"><w:font w:name="Symbol"><w:panose1 w:val="05050102010706020507"/><w:charset w:val="02"/><w:family w:val="roman"/><w:pitch w:val="variable"/><w:sig w:usb0="00000000" w:usb1="10000000" w:usb2="00000000" w:usb3="00000000" w:csb0="80000000" w:csb1="00000000"/></w:font><w:font w:name="Times New Roman"><w:panose1 w:val="02020603050405020304"/><w:charset w:val="00"/><w:family w:val="roman"/><w:pitch w:val="variable"/><w:sig w:usb0="E0002AFF" w:usb1="C0007841" w:usb2="00000009" w:usb3="00000000" w:csb0="000001FF" w:csb1="00000000"/></w:font><w:font w:name="Courier New"><w:panose1 w:val="02070309020205020404"/><w:charset w:val="00"/><w:family w:val="modern"/><w:pitch w:val="fixed"/><w:sig w:usb0="E0002AFF" w:usb1="C0007843" w:usb2="00000009" w:usb3="00000000" w:csb0="000001FF" w:csb1="00000000"/></w:font><w:font w:name="Wingdings"><w:panose1 w:val="05000000000000000000"/><w:charset w:val="02"/><w:family w:val="auto"/><w:pitch w:val="variable"/><w:sig w:usb0="00000000" w:usb1="10000000" w:usb2="00000000" w:usb3="00000000" w:csb0="80000000" w:csb1="00000000"/></w:font><w:font w:name="Calibri"><w:panose1 w:val="020F0502020204030204"/><w:charset w:val="00"/><w:family w:val="swiss"/><w:pitch w:val="variable"/><w:sig w:usb0="E00002FF" w:usb1="4000ACFF" w:usb2="00000001" w:usb3="00000000" w:csb0="0000019F" w:csb1="00000000"/></w:font><w:font w:name="Calibri Light"><w:panose1 w:val="020F0302020204030204"/><w:charset w:val="00"/><w:family w:val="swiss"/><w:pitch w:val="variable"/><w:sig w:usb0="A00002EF" w:usb1="4000207B" w:usb2="00000000" w:usb3="00000000" w:csb0="0000019F" w:csb1="00000000"/></w:font></w:fonts>''')  
  f.close()
  
  # Styles
  rels.append({'Type':"http://schemas.openxmlformats.org/officeDocument/2006/relationships/styles",'Target':"styles.xml"})
  f = open(os.path.join(tempfolder,'word','styles.xml'),'w')
  f.write('''<?xml version="1.0" encoding="UTF-8" standalone="yes"?>
<w:styles xmlns:mc="http://schemas.openxmlformats.org/markup-compatibility/2006" xmlns:r="http://schemas.openxmlformats.org/officeDocument/2006/relationships" xmlns:w="http://schemas.openxmlformats.org/wordprocessingml/2006/main" xmlns:w14="http://schemas.microsoft.com/office/word/2010/wordml" xmlns:w15="http://schemas.microsoft.com/office/word/2012/wordml" mc:Ignorable="w14 w15"><w:docDefaults><w:rPrDefault><w:rPr><w:rFonts w:asciiTheme="minorHAnsi" w:eastAsiaTheme="minorHAnsi" w:hAnsiTheme="minorHAnsi" w:cstheme="minorBidi"/><w:sz w:val="22"/><w:szCs w:val="22"/><w:lang w:val="de-DE" w:eastAsia="en-US" w:bidi="ar-SA"/></w:rPr></w:rPrDefault><w:pPrDefault><w:pPr><w:spacing w:after="160" w:line="259" w:lineRule="auto"/></w:pPr></w:pPrDefault></w:docDefaults><w:latentStyles w:defLockedState="0" w:defUIPriority="99" w:defSemiHidden="0" w:defUnhideWhenUsed="0" w:defQFormat="0" w:count="371"><w:lsdException w:name="Normal" w:uiPriority="0" w:qFormat="1"/><w:lsdException w:name="heading 1" w:uiPriority="9" w:qFormat="1"/><w:lsdException w:name="heading 2" w:semiHidden="1" w:uiPriority="9" w:unhideWhenUsed="1" w:qFormat="1"/><w:lsdException w:name="heading 3" w:semiHidden="1" w:uiPriority="9" w:unhideWhenUsed="1" w:qFormat="1"/><w:lsdException w:name="heading 4" w:semiHidden="1" w:uiPriority="9" w:unhideWhenUsed="1" w:qFormat="1"/><w:lsdException w:name="heading 5" w:semiHidden="1" w:uiPriority="9" w:unhideWhenUsed="1" w:qFormat="1"/><w:lsdException w:name="heading 6" w:semiHidden="1" w:uiPriority="9" w:unhideWhenUsed="1" w:qFormat="1"/><w:lsdException w:name="heading 7" w:semiHidden="1" w:uiPriority="9" w:unhideWhenUsed="1" w:qFormat="1"/><w:lsdException w:name="heading 8" w:semiHidden="1" w:uiPriority="9" w:unhideWhenUsed="1" w:qFormat="1"/><w:lsdException w:name="heading 9" w:semiHidden="1" w:uiPriority="9" w:unhideWhenUsed="1" w:qFormat="1"/><w:lsdException w:name="index 1" w:semiHidden="1" w:unhideWhenUsed="1"/><w:lsdException w:name="index 2" w:semiHidden="1" w:unhideWhenUsed="1"/><w:lsdException w:name="index 3" w:semiHidden="1" w:unhideWhenUsed="1"/><w:lsdException w:name="index 4" w:semiHidden="1" w:unhideWhenUsed="1"/><w:lsdException w:name="index 5" w:semiHidden="1" w:unhideWhenUsed="1"/><w:lsdException w:name="index 6" w:semiHidden="1" w:unhideWhenUsed="1"/><w:lsdException w:name="index 7" w:semiHidden="1" w:unhideWhenUsed="1"/><w:lsdException w:name="index 8" w:semiHidden="1" w:unhideWhenUsed="1"/><w:lsdException w:name="index 9" w:semiHidden="1" w:unhideWhenUsed="1"/><w:lsdException w:name="toc 1" w:semiHidden="1" w:uiPriority="39" w:unhideWhenUsed="1"/><w:lsdException w:name="toc 2" w:semiHidden="1" w:uiPriority="39" w:unhideWhenUsed="1"/><w:lsdException w:name="toc 3" w:semiHidden="1" w:uiPriority="39" w:unhideWhenUsed="1"/><w:lsdException w:name="toc 4" w:semiHidden="1" w:uiPriority="39" w:unhideWhenUsed="1"/><w:lsdException w:name="toc 5" w:semiHidden="1" w:uiPriority="39" w:unhideWhenUsed="1"/><w:lsdException w:name="toc 6" w:semiHidden="1" w:uiPriority="39" w:unhideWhenUsed="1"/><w:lsdException w:name="toc 7" w:semiHidden="1" w:uiPriority="39" w:unhideWhenUsed="1"/><w:lsdException w:name="toc 8" w:semiHidden="1" w:uiPriority="39" w:unhideWhenUsed="1"/><w:lsdException w:name="toc 9" w:semiHidden="1" w:uiPriority="39" w:unhideWhenUsed="1"/><w:lsdException w:name="Normal Indent" w:semiHidden="1" w:unhideWhenUsed="1"/><w:lsdException w:name="footnote text" w:semiHidden="1" w:unhideWhenUsed="1"/><w:lsdException w:name="annotation text" w:semiHidden="1" w:unhideWhenUsed="1"/><w:lsdException w:name="header" w:semiHidden="1" w:unhideWhenUsed="1"/><w:lsdException w:name="footer" w:semiHidden="1" w:unhideWhenUsed="1"/><w:lsdException w:name="index heading" w:semiHidden="1" w:unhideWhenUsed="1"/><w:lsdException w:name="caption" w:semiHidden="1" w:uiPriority="35" w:unhideWhenUsed="1" w:qFormat="1"/><w:lsdException w:name="table of figures" w:semiHidden="1" w:unhideWhenUsed="1"/><w:lsdException w:name="envelope address" w:semiHidden="1" w:unhideWhenUsed="1"/><w:lsdException w:name="envelope return" w:semiHidden="1" w:unhideWhenUsed="1"/><w:lsdException w:name="footnote reference" w:semiHidden="1" w:unhideWhenUsed="1"/><w:lsdException w:name="annotation reference" w:semiHidden="1" w:unhideWhenUsed="1"/><w:lsdException w:name="line number" w:semiHidden="1" w:unhideWhenUsed="1"/><w:lsdException w:name="page number" w:semiHidden="1" w:unhideWhenUsed="1"/><w:lsdException w:name="endnote reference" w:semiHidden="1" w:unhideWhenUsed="1"/><w:lsdException w:name="endnote text" w:semiHidden="1" w:unhideWhenUsed="1"/><w:lsdException w:name="table of authorities" w:semiHidden="1" w:unhideWhenUsed="1"/><w:lsdException w:name="macro" w:semiHidden="1" w:unhideWhenUsed="1"/><w:lsdException w:name="toa heading" w:semiHidden="1" w:unhideWhenUsed="1"/><w:lsdException w:name="List" w:semiHidden="1" w:unhideWhenUsed="1"/><w:lsdException w:name="List Bullet" w:semiHidden="1" w:unhideWhenUsed="1"/><w:lsdException w:name="List Number" w:semiHidden="1" w:unhideWhenUsed="1"/><w:lsdException w:name="List 2" w:semiHidden="1" w:unhideWhenUsed="1"/><w:lsdException w:name="List 3" w:semiHidden="1" w:unhideWhenUsed="1"/><w:lsdException w:name="List 4" w:semiHidden="1" w:unhideWhenUsed="1"/><w:lsdException w:name="List 5" w:semiHidden="1" w:unhideWhenUsed="1"/><w:lsdException w:name="List Bullet 2" w:semiHidden="1" w:unhideWhenUsed="1"/><w:lsdException w:name="List Bullet 3" w:semiHidden="1" w:unhideWhenUsed="1"/><w:lsdException w:name="List Bullet 4" w:semiHidden="1" w:unhideWhenUsed="1"/><w:lsdException w:name="List Bullet 5" w:semiHidden="1" w:unhideWhenUsed="1"/><w:lsdException w:name="List Number 2" w:semiHidden="1" w:unhideWhenUsed="1"/><w:lsdException w:name="List Number 3" w:semiHidden="1" w:unhideWhenUsed="1"/><w:lsdException w:name="List Number 4" w:semiHidden="1" w:unhideWhenUsed="1"/><w:lsdException w:name="List Number 5" w:semiHidden="1" w:unhideWhenUsed="1"/><w:lsdException w:name="Title" w:uiPriority="10" w:qFormat="1"/><w:lsdException w:name="Closing" w:semiHidden="1" w:unhideWhenUsed="1"/><w:lsdException w:name="Signature" w:semiHidden="1" w:unhideWhenUsed="1"/><w:lsdException w:name="Default Paragraph Font" w:semiHidden="1" w:uiPriority="1" w:unhideWhenUsed="1"/><w:lsdException w:name="Body Text" w:semiHidden="1" w:unhideWhenUsed="1"/><w:lsdException w:name="Body Text Indent" w:semiHidden="1" w:unhideWhenUsed="1"/><w:lsdException w:name="List Continue" w:semiHidden="1" w:unhideWhenUsed="1"/><w:lsdException w:name="List Continue 2" w:semiHidden="1" w:unhideWhenUsed="1"/><w:lsdException w:name="List Continue 3" w:semiHidden="1" w:unhideWhenUsed="1"/><w:lsdException w:name="List Continue 4" w:semiHidden="1" w:unhideWhenUsed="1"/><w:lsdException w:name="List Continue 5" w:semiHidden="1" w:unhideWhenUsed="1"/><w:lsdException w:name="Message Header" w:semiHidden="1" w:unhideWhenUsed="1"/><w:lsdException w:name="Subtitle" w:uiPriority="11" w:qFormat="1"/><w:lsdException w:name="Salutation" w:semiHidden="1" w:unhideWhenUsed="1"/><w:lsdException w:name="Date" w:semiHidden="1" w:unhideWhenUsed="1"/><w:lsdException w:name="Body Text First Indent" w:semiHidden="1" w:unhideWhenUsed="1"/><w:lsdException w:name="Body Text First Indent 2" w:semiHidden="1" w:unhideWhenUsed="1"/><w:lsdException w:name="Note Heading" w:semiHidden="1" w:unhideWhenUsed="1"/><w:lsdException w:name="Body Text 2" w:semiHidden="1" w:unhideWhenUsed="1"/><w:lsdException w:name="Body Text 3" w:semiHidden="1" w:unhideWhenUsed="1"/><w:lsdException w:name="Body Text Indent 2" w:semiHidden="1" w:unhideWhenUsed="1"/><w:lsdException w:name="Body Text Indent 3" w:semiHidden="1" w:unhideWhenUsed="1"/><w:lsdException w:name="Block Text" w:semiHidden="1" w:unhideWhenUsed="1"/><w:lsdException w:name="Hyperlink" w:semiHidden="1" w:unhideWhenUsed="1"/><w:lsdException w:name="FollowedHyperlink" w:semiHidden="1" w:unhideWhenUsed="1"/><w:lsdException w:name="Strong" w:uiPriority="22" w:qFormat="1"/><w:lsdException w:name="Emphasis" w:uiPriority="20" w:qFormat="1"/><w:lsdException w:name="Document Map" w:semiHidden="1" w:unhideWhenUsed="1"/><w:lsdException w:name="Plain Text" w:semiHidden="1" w:unhideWhenUsed="1"/><w:lsdException w:name="E-mail Signature" w:semiHidden="1" w:unhideWhenUsed="1"/><w:lsdException w:name="HTML Top of Form" w:semiHidden="1" w:unhideWhenUsed="1"/><w:lsdException w:name="HTML Bottom of Form" w:semiHidden="1" w:unhideWhenUsed="1"/><w:lsdException w:name="Normal (Web)" w:semiHidden="1" w:unhideWhenUsed="1"/><w:lsdException w:name="HTML Acronym" w:semiHidden="1" w:unhideWhenUsed="1"/><w:lsdException w:name="HTML Address" w:semiHidden="1" w:unhideWhenUsed="1"/><w:lsdException w:name="HTML Cite" w:semiHidden="1" w:unhideWhenUsed="1"/><w:lsdException w:name="HTML Code" w:semiHidden="1" w:unhideWhenUsed="1"/><w:lsdException w:name="HTML Definition" w:semiHidden="1" w:unhideWhenUsed="1"/><w:lsdException w:name="HTML Keyboard" w:semiHidden="1" w:unhideWhenUsed="1"/><w:lsdException w:name="HTML Preformatted" w:semiHidden="1" w:unhideWhenUsed="1"/><w:lsdException w:name="HTML Sample" w:semiHidden="1" w:unhideWhenUsed="1"/><w:lsdException w:name="HTML Typewriter" w:semiHidden="1" w:unhideWhenUsed="1"/><w:lsdException w:name="HTML Variable" w:semiHidden="1" w:unhideWhenUsed="1"/><w:lsdException w:name="Normal Table" w:semiHidden="1" w:unhideWhenUsed="1"/><w:lsdException w:name="annotation subject" w:semiHidden="1" w:unhideWhenUsed="1"/><w:lsdException w:name="No List" w:semiHidden="1" w:unhideWhenUsed="1"/><w:lsdException w:name="Outline List 1" w:semiHidden="1" w:unhideWhenUsed="1"/><w:lsdException w:name="Outline List 2" w:semiHidden="1" w:unhideWhenUsed="1"/><w:lsdException w:name="Outline List 3" w:semiHidden="1" w:unhideWhenUsed="1"/><w:lsdException w:name="Table Simple 1" w:semiHidden="1" w:unhideWhenUsed="1"/><w:lsdException w:name="Table Simple 2" w:semiHidden="1" w:unhideWhenUsed="1"/><w:lsdException w:name="Table Simple 3" w:semiHidden="1" w:unhideWhenUsed="1"/><w:lsdException w:name="Table Classic 1" w:semiHidden="1" w:unhideWhenUsed="1"/><w:lsdException w:name="Table Classic 2" w:semiHidden="1" w:unhideWhenUsed="1"/><w:lsdException w:name="Table Classic 3" w:semiHidden="1" w:unhideWhenUsed="1"/><w:lsdException w:name="Table Classic 4" w:semiHidden="1" w:unhideWhenUsed="1"/><w:lsdException w:name="Table Colorful 1" w:semiHidden="1" w:unhideWhenUsed="1"/><w:lsdException w:name="Table Colorful 2" w:semiHidden="1" w:unhideWhenUsed="1"/><w:lsdException w:name="Table Colorful 3" w:semiHidden="1" w:unhideWhenUsed="1"/><w:lsdException w:name="Table Columns 1" w:semiHidden="1" w:unhideWhenUsed="1"/><w:lsdException w:name="Table Columns 2" w:semiHidden="1" w:unhideWhenUsed="1"/><w:lsdException w:name="Table Columns 3" w:semiHidden="1" w:unhideWhenUsed="1"/><w:lsdException w:name="Table Columns 4" w:semiHidden="1" w:unhideWhenUsed="1"/><w:lsdException w:name="Table Columns 5" w:semiHidden="1" w:unhideWhenUsed="1"/><w:lsdException w:name="Table Grid 1" w:semiHidden="1" w:unhideWhenUsed="1"/><w:lsdException w:name="Table Grid 2" w:semiHidden="1" w:unhideWhenUsed="1"/><w:lsdException w:name="Table Grid 3" w:semiHidden="1" w:unhideWhenUsed="1"/><w:lsdException w:name="Table Grid 4" w:semiHidden="1" w:unhideWhenUsed="1"/><w:lsdException w:name="Table Grid 5" w:semiHidden="1" w:unhideWhenUsed="1"/><w:lsdException w:name="Table Grid 6" w:semiHidden="1" w:unhideWhenUsed="1"/><w:lsdException w:name="Table Grid 7" w:semiHidden="1" w:unhideWhenUsed="1"/><w:lsdException w:name="Table Grid 8" w:semiHidden="1" w:unhideWhenUsed="1"/><w:lsdException w:name="Table List 1" w:semiHidden="1" w:unhideWhenUsed="1"/><w:lsdException w:name="Table List 2" w:semiHidden="1" w:unhideWhenUsed="1"/><w:lsdException w:name="Table List 3" w:semiHidden="1" w:unhideWhenUsed="1"/><w:lsdException w:name="Table List 4" w:semiHidden="1" w:unhideWhenUsed="1"/><w:lsdException w:name="Table List 5" w:semiHidden="1" w:unhideWhenUsed="1"/><w:lsdException w:name="Table List 6" w:semiHidden="1" w:unhideWhenUsed="1"/><w:lsdException w:name="Table List 7" w:semiHidden="1" w:unhideWhenUsed="1"/><w:lsdException w:name="Table List 8" w:semiHidden="1" w:unhideWhenUsed="1"/><w:lsdException w:name="Table 3D effects 1" w:semiHidden="1" w:unhideWhenUsed="1"/><w:lsdException w:name="Table 3D effects 2" w:semiHidden="1" w:unhideWhenUsed="1"/><w:lsdException w:name="Table 3D effects 3" w:semiHidden="1" w:unhideWhenUsed="1"/><w:lsdException w:name="Table Contemporary" w:semiHidden="1" w:unhideWhenUsed="1"/><w:lsdException w:name="Table Elegant" w:semiHidden="1" w:unhideWhenUsed="1"/><w:lsdException w:name="Table Professional" w:semiHidden="1" w:unhideWhenUsed="1"/><w:lsdException w:name="Table Subtle 1" w:semiHidden="1" w:unhideWhenUsed="1"/><w:lsdException w:name="Table Subtle 2" w:semiHidden="1" w:unhideWhenUsed="1"/><w:lsdException w:name="Table Web 1" w:semiHidden="1" w:unhideWhenUsed="1"/><w:lsdException w:name="Table Web 2" w:semiHidden="1" w:unhideWhenUsed="1"/><w:lsdException w:name="Table Web 3" w:semiHidden="1" w:unhideWhenUsed="1"/><w:lsdException w:name="Balloon Text" w:semiHidden="1" w:unhideWhenUsed="1"/><w:lsdException w:name="Table Grid" w:uiPriority="39"/><w:lsdException w:name="Table Theme" w:semiHidden="1" w:unhideWhenUsed="1"/><w:lsdException w:name="Placeholder Text" w:semiHidden="1"/><w:lsdException w:name="No Spacing" w:uiPriority="1" w:qFormat="1"/><w:lsdException w:name="Light Shading" w:uiPriority="60"/><w:lsdException w:name="Light List" w:uiPriority="61"/><w:lsdException w:name="Light Grid" w:uiPriority="62"/><w:lsdException w:name="Medium Shading 1" w:uiPriority="63"/><w:lsdException w:name="Medium Shading 2" w:uiPriority="64"/><w:lsdException w:name="Medium List 1" w:uiPriority="65"/><w:lsdException w:name="Medium List 2" w:uiPriority="66"/><w:lsdException w:name="Medium Grid 1" w:uiPriority="67"/><w:lsdException w:name="Medium Grid 2" w:uiPriority="68"/><w:lsdException w:name="Medium Grid 3" w:uiPriority="69"/><w:lsdException w:name="Dark List" w:uiPriority="70"/><w:lsdException w:name="Colorful Shading" w:uiPriority="71"/><w:lsdException w:name="Colorful List" w:uiPriority="72"/><w:lsdException w:name="Colorful Grid" w:uiPriority="73"/><w:lsdException w:name="Light Shading Accent 1" w:uiPriority="60"/><w:lsdException w:name="Light List Accent 1" w:uiPriority="61"/><w:lsdException w:name="Light Grid Accent 1" w:uiPriority="62"/><w:lsdException w:name="Medium Shading 1 Accent 1" w:uiPriority="63"/><w:lsdException w:name="Medium Shading 2 Accent 1" w:uiPriority="64"/><w:lsdException w:name="Medium List 1 Accent 1" w:uiPriority="65"/><w:lsdException w:name="Revision" w:semiHidden="1"/><w:lsdException w:name="List Paragraph" w:uiPriority="34" w:qFormat="1"/><w:lsdException w:name="Quote" w:uiPriority="29" w:qFormat="1"/><w:lsdException w:name="Intense Quote" w:uiPriority="30" w:qFormat="1"/><w:lsdException w:name="Medium List 2 Accent 1" w:uiPriority="66"/><w:lsdException w:name="Medium Grid 1 Accent 1" w:uiPriority="67"/><w:lsdException w:name="Medium Grid 2 Accent 1" w:uiPriority="68"/><w:lsdException w:name="Medium Grid 3 Accent 1" w:uiPriority="69"/><w:lsdException w:name="Dark List Accent 1" w:uiPriority="70"/><w:lsdException w:name="Colorful Shading Accent 1" w:uiPriority="71"/><w:lsdException w:name="Colorful List Accent 1" w:uiPriority="72"/><w:lsdException w:name="Colorful Grid Accent 1" w:uiPriority="73"/><w:lsdException w:name="Light Shading Accent 2" w:uiPriority="60"/><w:lsdException w:name="Light List Accent 2" w:uiPriority="61"/><w:lsdException w:name="Light Grid Accent 2" w:uiPriority="62"/><w:lsdException w:name="Medium Shading 1 Accent 2" w:uiPriority="63"/><w:lsdException w:name="Medium Shading 2 Accent 2" w:uiPriority="64"/><w:lsdException w:name="Medium List 1 Accent 2" w:uiPriority="65"/><w:lsdException w:name="Medium List 2 Accent 2" w:uiPriority="66"/><w:lsdException w:name="Medium Grid 1 Accent 2" w:uiPriority="67"/><w:lsdException w:name="Medium Grid 2 Accent 2" w:uiPriority="68"/><w:lsdException w:name="Medium Grid 3 Accent 2" w:uiPriority="69"/><w:lsdException w:name="Dark List Accent 2" w:uiPriority="70"/><w:lsdException w:name="Colorful Shading Accent 2" w:uiPriority="71"/><w:lsdException w:name="Colorful List Accent 2" w:uiPriority="72"/><w:lsdException w:name="Colorful Grid Accent 2" w:uiPriority="73"/><w:lsdException w:name="Light Shading Accent 3" w:uiPriority="60"/><w:lsdException w:name="Light List Accent 3" w:uiPriority="61"/><w:lsdException w:name="Light Grid Accent 3" w:uiPriority="62"/><w:lsdException w:name="Medium Shading 1 Accent 3" w:uiPriority="63"/><w:lsdException w:name="Medium Shading 2 Accent 3" w:uiPriority="64"/><w:lsdException w:name="Medium List 1 Accent 3" w:uiPriority="65"/><w:lsdException w:name="Medium List 2 Accent 3" w:uiPriority="66"/><w:lsdException w:name="Medium Grid 1 Accent 3" w:uiPriority="67"/><w:lsdException w:name="Medium Grid 2 Accent 3" w:uiPriority="68"/><w:lsdException w:name="Medium Grid 3 Accent 3" w:uiPriority="69"/><w:lsdException w:name="Dark List Accent 3" w:uiPriority="70"/><w:lsdException w:name="Colorful Shading Accent 3" w:uiPriority="71"/><w:lsdException w:name="Colorful List Accent 3" w:uiPriority="72"/><w:lsdException w:name="Colorful Grid Accent 3" w:uiPriority="73"/><w:lsdException w:name="Light Shading Accent 4" w:uiPriority="60"/><w:lsdException w:name="Light List Accent 4" w:uiPriority="61"/><w:lsdException w:name="Light Grid Accent 4" w:uiPriority="62"/><w:lsdException w:name="Medium Shading 1 Accent 4" w:uiPriority="63"/><w:lsdException w:name="Medium Shading 2 Accent 4" w:uiPriority="64"/><w:lsdException w:name="Medium List 1 Accent 4" w:uiPriority="65"/><w:lsdException w:name="Medium List 2 Accent 4" w:uiPriority="66"/><w:lsdException w:name="Medium Grid 1 Accent 4" w:uiPriority="67"/><w:lsdException w:name="Medium Grid 2 Accent 4" w:uiPriority="68"/><w:lsdException w:name="Medium Grid 3 Accent 4" w:uiPriority="69"/><w:lsdException w:name="Dark List Accent 4" w:uiPriority="70"/><w:lsdException w:name="Colorful Shading Accent 4" w:uiPriority="71"/><w:lsdException w:name="Colorful List Accent 4" w:uiPriority="72"/><w:lsdException w:name="Colorful Grid Accent 4" w:uiPriority="73"/><w:lsdException w:name="Light Shading Accent 5" w:uiPriority="60"/><w:lsdException w:name="Light List Accent 5" w:uiPriority="61"/><w:lsdException w:name="Light Grid Accent 5" w:uiPriority="62"/><w:lsdException w:name="Medium Shading 1 Accent 5" w:uiPriority="63"/><w:lsdException w:name="Medium Shading 2 Accent 5" w:uiPriority="64"/><w:lsdException w:name="Medium List 1 Accent 5" w:uiPriority="65"/><w:lsdException w:name="Medium List 2 Accent 5" w:uiPriority="66"/><w:lsdException w:name="Medium Grid 1 Accent 5" w:uiPriority="67"/><w:lsdException w:name="Medium Grid 2 Accent 5" w:uiPriority="68"/><w:lsdException w:name="Medium Grid 3 Accent 5" w:uiPriority="69"/><w:lsdException w:name="Dark List Accent 5" w:uiPriority="70"/><w:lsdException w:name="Colorful Shading Accent 5" w:uiPriority="71"/><w:lsdException w:name="Colorful List Accent 5" w:uiPriority="72"/><w:lsdException w:name="Colorful Grid Accent 5" w:uiPriority="73"/><w:lsdException w:name="Light Shading Accent 6" w:uiPriority="60"/><w:lsdException w:name="Light List Accent 6" w:uiPriority="61"/><w:lsdException w:name="Light Grid Accent 6" w:uiPriority="62"/><w:lsdException w:name="Medium Shading 1 Accent 6" w:uiPriority="63"/><w:lsdException w:name="Medium Shading 2 Accent 6" w:uiPriority="64"/><w:lsdException w:name="Medium List 1 Accent 6" w:uiPriority="65"/><w:lsdException w:name="Medium List 2 Accent 6" w:uiPriority="66"/><w:lsdException w:name="Medium Grid 1 Accent 6" w:uiPriority="67"/><w:lsdException w:name="Medium Grid 2 Accent 6" w:uiPriority="68"/><w:lsdException w:name="Medium Grid 3 Accent 6" w:uiPriority="69"/><w:lsdException w:name="Dark List Accent 6" w:uiPriority="70"/><w:lsdException w:name="Colorful Shading Accent 6" w:uiPriority="71"/><w:lsdException w:name="Colorful List Accent 6" w:uiPriority="72"/><w:lsdException w:name="Colorful Grid Accent 6" w:uiPriority="73"/><w:lsdException w:name="Subtle Emphasis" w:uiPriority="19" w:qFormat="1"/><w:lsdException w:name="Intense Emphasis" w:uiPriority="21" w:qFormat="1"/><w:lsdException w:name="Subtle Reference" w:uiPriority="31" w:qFormat="1"/><w:lsdException w:name="Intense Reference" w:uiPriority="32" w:qFormat="1"/><w:lsdException w:name="Book Title" w:uiPriority="33" w:qFormat="1"/><w:lsdException w:name="Bibliography" w:semiHidden="1" w:uiPriority="37" w:unhideWhenUsed="1"/><w:lsdException w:name="TOC Heading" w:semiHidden="1" w:uiPriority="39" w:unhideWhenUsed="1" w:qFormat="1"/><w:lsdException w:name="Plain Table 1" w:uiPriority="41"/><w:lsdException w:name="Plain Table 2" w:uiPriority="42"/><w:lsdException w:name="Plain Table 3" w:uiPriority="43"/><w:lsdException w:name="Plain Table 4" w:uiPriority="44"/><w:lsdException w:name="Plain Table 5" w:uiPriority="45"/><w:lsdException w:name="Grid Table Light" w:uiPriority="40"/><w:lsdException w:name="Grid Table 1 Light" w:uiPriority="46"/><w:lsdException w:name="Grid Table 2" w:uiPriority="47"/><w:lsdException w:name="Grid Table 3" w:uiPriority="48"/><w:lsdException w:name="Grid Table 4" w:uiPriority="49"/><w:lsdException w:name="Grid Table 5 Dark" w:uiPriority="50"/><w:lsdException w:name="Grid Table 6 Colorful" w:uiPriority="51"/><w:lsdException w:name="Grid Table 7 Colorful" w:uiPriority="52"/><w:lsdException w:name="Grid Table 1 Light Accent 1" w:uiPriority="46"/><w:lsdException w:name="Grid Table 2 Accent 1" w:uiPriority="47"/><w:lsdException w:name="Grid Table 3 Accent 1" w:uiPriority="48"/><w:lsdException w:name="Grid Table 4 Accent 1" w:uiPriority="49"/><w:lsdException w:name="Grid Table 5 Dark Accent 1" w:uiPriority="50"/><w:lsdException w:name="Grid Table 6 Colorful Accent 1" w:uiPriority="51"/><w:lsdException w:name="Grid Table 7 Colorful Accent 1" w:uiPriority="52"/><w:lsdException w:name="Grid Table 1 Light Accent 2" w:uiPriority="46"/><w:lsdException w:name="Grid Table 2 Accent 2" w:uiPriority="47"/><w:lsdException w:name="Grid Table 3 Accent 2" w:uiPriority="48"/><w:lsdException w:name="Grid Table 4 Accent 2" w:uiPriority="49"/><w:lsdException w:name="Grid Table 5 Dark Accent 2" w:uiPriority="50"/><w:lsdException w:name="Grid Table 6 Colorful Accent 2" w:uiPriority="51"/><w:lsdException w:name="Grid Table 7 Colorful Accent 2" w:uiPriority="52"/><w:lsdException w:name="Grid Table 1 Light Accent 3" w:uiPriority="46"/><w:lsdException w:name="Grid Table 2 Accent 3" w:uiPriority="47"/><w:lsdException w:name="Grid Table 3 Accent 3" w:uiPriority="48"/><w:lsdException w:name="Grid Table 4 Accent 3" w:uiPriority="49"/><w:lsdException w:name="Grid Table 5 Dark Accent 3" w:uiPriority="50"/><w:lsdException w:name="Grid Table 6 Colorful Accent 3" w:uiPriority="51"/><w:lsdException w:name="Grid Table 7 Colorful Accent 3" w:uiPriority="52"/><w:lsdException w:name="Grid Table 1 Light Accent 4" w:uiPriority="46"/><w:lsdException w:name="Grid Table 2 Accent 4" w:uiPriority="47"/><w:lsdException w:name="Grid Table 3 Accent 4" w:uiPriority="48"/><w:lsdException w:name="Grid Table 4 Accent 4" w:uiPriority="49"/><w:lsdException w:name="Grid Table 5 Dark Accent 4" w:uiPriority="50"/><w:lsdException w:name="Grid Table 6 Colorful Accent 4" w:uiPriority="51"/><w:lsdException w:name="Grid Table 7 Colorful Accent 4" w:uiPriority="52"/><w:lsdException w:name="Grid Table 1 Light Accent 5" w:uiPriority="46"/><w:lsdException w:name="Grid Table 2 Accent 5" w:uiPriority="47"/><w:lsdException w:name="Grid Table 3 Accent 5" w:uiPriority="48"/><w:lsdException w:name="Grid Table 4 Accent 5" w:uiPriority="49"/><w:lsdException w:name="Grid Table 5 Dark Accent 5" w:uiPriority="50"/><w:lsdException w:name="Grid Table 6 Colorful Accent 5" w:uiPriority="51"/><w:lsdException w:name="Grid Table 7 Colorful Accent 5" w:uiPriority="52"/><w:lsdException w:name="Grid Table 1 Light Accent 6" w:uiPriority="46"/><w:lsdException w:name="Grid Table 2 Accent 6" w:uiPriority="47"/><w:lsdException w:name="Grid Table 3 Accent 6" w:uiPriority="48"/><w:lsdException w:name="Grid Table 4 Accent 6" w:uiPriority="49"/><w:lsdException w:name="Grid Table 5 Dark Accent 6" w:uiPriority="50"/><w:lsdException w:name="Grid Table 6 Colorful Accent 6" w:uiPriority="51"/><w:lsdException w:name="Grid Table 7 Colorful Accent 6" w:uiPriority="52"/><w:lsdException w:name="List Table 1 Light" w:uiPriority="46"/><w:lsdException w:name="List Table 2" w:uiPriority="47"/><w:lsdException w:name="List Table 3" w:uiPriority="48"/><w:lsdException w:name="List Table 4" w:uiPriority="49"/><w:lsdException w:name="List Table 5 Dark" w:uiPriority="50"/><w:lsdException w:name="List Table 6 Colorful" w:uiPriority="51"/><w:lsdException w:name="List Table 7 Colorful" w:uiPriority="52"/><w:lsdException w:name="List Table 1 Light Accent 1" w:uiPriority="46"/><w:lsdException w:name="List Table 2 Accent 1" w:uiPriority="47"/><w:lsdException w:name="List Table 3 Accent 1" w:uiPriority="48"/><w:lsdException w:name="List Table 4 Accent 1" w:uiPriority="49"/><w:lsdException w:name="List Table 5 Dark Accent 1" w:uiPriority="50"/><w:lsdException w:name="List Table 6 Colorful Accent 1" w:uiPriority="51"/><w:lsdException w:name="List Table 7 Colorful Accent 1" w:uiPriority="52"/><w:lsdException w:name="List Table 1 Light Accent 2" w:uiPriority="46"/><w:lsdException w:name="List Table 2 Accent 2" w:uiPriority="47"/><w:lsdException w:name="List Table 3 Accent 2" w:uiPriority="48"/><w:lsdException w:name="List Table 4 Accent 2" w:uiPriority="49"/><w:lsdException w:name="List Table 5 Dark Accent 2" w:uiPriority="50"/><w:lsdException w:name="List Table 6 Colorful Accent 2" w:uiPriority="51"/><w:lsdException w:name="List Table 7 Colorful Accent 2" w:uiPriority="52"/><w:lsdException w:name="List Table 1 Light Accent 3" w:uiPriority="46"/><w:lsdException w:name="List Table 2 Accent 3" w:uiPriority="47"/><w:lsdException w:name="List Table 3 Accent 3" w:uiPriority="48"/><w:lsdException w:name="List Table 4 Accent 3" w:uiPriority="49"/><w:lsdException w:name="List Table 5 Dark Accent 3" w:uiPriority="50"/><w:lsdException w:name="List Table 6 Colorful Accent 3" w:uiPriority="51"/><w:lsdException w:name="List Table 7 Colorful Accent 3" w:uiPriority="52"/><w:lsdException w:name="List Table 1 Light Accent 4" w:uiPriority="46"/><w:lsdException w:name="List Table 2 Accent 4" w:uiPriority="47"/><w:lsdException w:name="List Table 3 Accent 4" w:uiPriority="48"/><w:lsdException w:name="List Table 4 Accent 4" w:uiPriority="49"/><w:lsdException w:name="List Table 5 Dark Accent 4" w:uiPriority="50"/><w:lsdException w:name="List Table 6 Colorful Accent 4" w:uiPriority="51"/><w:lsdException w:name="List Table 7 Colorful Accent 4" w:uiPriority="52"/><w:lsdException w:name="List Table 1 Light Accent 5" w:uiPriority="46"/><w:lsdException w:name="List Table 2 Accent 5" w:uiPriority="47"/><w:lsdException w:name="List Table 3 Accent 5" w:uiPriority="48"/><w:lsdException w:name="List Table 4 Accent 5" w:uiPriority="49"/><w:lsdException w:name="List Table 5 Dark Accent 5" w:uiPriority="50"/><w:lsdException w:name="List Table 6 Colorful Accent 5" w:uiPriority="51"/><w:lsdException w:name="List Table 7 Colorful Accent 5" w:uiPriority="52"/><w:lsdException w:name="List Table 1 Light Accent 6" w:uiPriority="46"/><w:lsdException w:name="List Table 2 Accent 6" w:uiPriority="47"/><w:lsdException w:name="List Table 3 Accent 6" w:uiPriority="48"/><w:lsdException w:name="List Table 4 Accent 6" w:uiPriority="49"/><w:lsdException w:name="List Table 5 Dark Accent 6" w:uiPriority="50"/><w:lsdException w:name="List Table 6 Colorful Accent 6" w:uiPriority="51"/><w:lsdException w:name="List Table 7 Colorful Accent 6" w:uiPriority="52"/></w:latentStyles><w:style w:type="paragraph" w:default="1" w:styleId="Standard"><w:name w:val="Normal"/><w:qFormat/></w:style><w:style w:type="paragraph" w:styleId="berschrift1"><w:name w:val="heading 1"/><w:basedOn w:val="Standard"/><w:next w:val="Standard"/><w:link w:val="berschrift1Zchn"/><w:uiPriority w:val="9"/><w:qFormat/><w:rsid w:val="00D267B1"/><w:pPr><w:keepNext/><w:keepLines/><w:spacing w:before="240" w:after="0"/><w:outlineLvl w:val="0"/></w:pPr><w:rPr><w:rFonts w:asciiTheme="majorHAnsi" w:eastAsiaTheme="majorEastAsia" w:hAnsiTheme="majorHAnsi" w:cstheme="majorBidi"/><w:color w:val="2E74B5" w:themeColor="accent1" w:themeShade="BF"/><w:sz w:val="32"/><w:szCs w:val="32"/></w:rPr></w:style><w:style w:type="paragraph" w:styleId="berschrift2"><w:name w:val="heading 2"/><w:basedOn w:val="Standard"/><w:next w:val="Standard"/><w:link w:val="berschrift2Zchn"/><w:uiPriority w:val="9"/><w:unhideWhenUsed/><w:qFormat/><w:rsid w:val="00D267B1"/><w:pPr><w:keepNext/><w:keepLines/><w:spacing w:before="40" w:after="0"/><w:outlineLvl w:val="1"/></w:pPr><w:rPr><w:rFonts w:asciiTheme="majorHAnsi" w:eastAsiaTheme="majorEastAsia" w:hAnsiTheme="majorHAnsi" w:cstheme="majorBidi"/><w:color w:val="2E74B5" w:themeColor="accent1" w:themeShade="BF"/><w:sz w:val="26"/><w:szCs w:val="26"/></w:rPr></w:style><w:style w:type="paragraph" w:styleId="berschrift3"><w:name w:val="heading 3"/><w:basedOn w:val="Standard"/><w:next w:val="Standard"/><w:link w:val="berschrift3Zchn"/><w:uiPriority w:val="9"/><w:unhideWhenUsed/><w:qFormat/><w:rsid w:val="00D267B1"/><w:pPr><w:keepNext/><w:keepLines/><w:spacing w:before="40" w:after="0"/><w:outlineLvl w:val="2"/></w:pPr><w:rPr><w:rFonts w:asciiTheme="majorHAnsi" w:eastAsiaTheme="majorEastAsia" w:hAnsiTheme="majorHAnsi" w:cstheme="majorBidi"/><w:color w:val="1F4D78" w:themeColor="accent1" w:themeShade="7F"/><w:sz w:val="24"/><w:szCs w:val="24"/></w:rPr></w:style><w:style w:type="paragraph" w:styleId="berschrift4"><w:name w:val="heading 4"/><w:basedOn w:val="Standard"/><w:next w:val="Standard"/><w:link w:val="berschrift4Zchn"/><w:uiPriority w:val="9"/><w:unhideWhenUsed/><w:qFormat/><w:rsid w:val="00D267B1"/><w:pPr><w:keepNext/><w:keepLines/><w:spacing w:before="40" w:after="0"/><w:outlineLvl w:val="3"/></w:pPr><w:rPr><w:rFonts w:asciiTheme="majorHAnsi" w:eastAsiaTheme="majorEastAsia" w:hAnsiTheme="majorHAnsi" w:cstheme="majorBidi"/><w:i/><w:iCs/><w:color w:val="2E74B5" w:themeColor="accent1" w:themeShade="BF"/></w:rPr></w:style><w:style w:type="character" w:default="1" w:styleId="Absatz-Standardschriftart"><w:name w:val="Default Paragraph Font"/><w:uiPriority w:val="1"/><w:semiHidden/><w:unhideWhenUsed/></w:style><w:style w:type="table" w:default="1" w:styleId="NormaleTabelle"><w:name w:val="Normal Table"/><w:uiPriority w:val="99"/><w:semiHidden/><w:unhideWhenUsed/><w:tblPr><w:tblInd w:w="0" w:type="dxa"/><w:tblCellMar><w:top w:w="0" w:type="dxa"/><w:left w:w="108" w:type="dxa"/><w:bottom w:w="0" w:type="dxa"/><w:right w:w="108" w:type="dxa"/></w:tblCellMar></w:tblPr></w:style><w:style w:type="numbering" w:default="1" w:styleId="KeineListe"><w:name w:val="No List"/><w:uiPriority w:val="99"/><w:semiHidden/><w:unhideWhenUsed/></w:style><w:style w:type="character" w:customStyle="1" w:styleId="berschrift1Zchn"><w:name w:val="Ãœberschrift 1 Zchn"/><w:basedOn w:val="Absatz-Standardschriftart"/><w:link w:val="berschrift1"/><w:uiPriority w:val="9"/><w:rsid w:val="00D267B1"/><w:rPr><w:rFonts w:asciiTheme="majorHAnsi" w:eastAsiaTheme="majorEastAsia" w:hAnsiTheme="majorHAnsi" w:cstheme="majorBidi"/><w:color w:val="2E74B5" w:themeColor="accent1" w:themeShade="BF"/><w:sz w:val="32"/><w:szCs w:val="32"/></w:rPr></w:style><w:style w:type="character" w:customStyle="1" w:styleId="berschrift2Zchn"><w:name w:val="Ãœberschrift 2 Zchn"/><w:basedOn w:val="Absatz-Standardschriftart"/><w:link w:val="berschrift2"/><w:uiPriority w:val="9"/><w:rsid w:val="00D267B1"/><w:rPr><w:rFonts w:asciiTheme="majorHAnsi" w:eastAsiaTheme="majorEastAsia" w:hAnsiTheme="majorHAnsi" w:cstheme="majorBidi"/><w:color w:val="2E74B5" w:themeColor="accent1" w:themeShade="BF"/><w:sz w:val="26"/><w:szCs w:val="26"/></w:rPr></w:style><w:style w:type="character" w:customStyle="1" w:styleId="berschrift3Zchn"><w:name w:val="Ãœberschrift 3 Zchn"/><w:basedOn w:val="Absatz-Standardschriftart"/><w:link w:val="berschrift3"/><w:uiPriority w:val="9"/><w:rsid w:val="00D267B1"/><w:rPr><w:rFonts w:asciiTheme="majorHAnsi" w:eastAsiaTheme="majorEastAsia" w:hAnsiTheme="majorHAnsi" w:cstheme="majorBidi"/><w:color w:val="1F4D78" w:themeColor="accent1" w:themeShade="7F"/><w:sz w:val="24"/><w:szCs w:val="24"/></w:rPr></w:style><w:style w:type="character" w:customStyle="1" w:styleId="berschrift4Zchn"><w:name w:val="Ãœberschrift 4 Zchn"/><w:basedOn w:val="Absatz-Standardschriftart"/><w:link w:val="berschrift4"/><w:uiPriority w:val="9"/><w:rsid w:val="00D267B1"/><w:rPr><w:rFonts w:asciiTheme="majorHAnsi" w:eastAsiaTheme="majorEastAsia" w:hAnsiTheme="majorHAnsi" w:cstheme="majorBidi"/><w:i/><w:iCs/><w:color w:val="2E74B5" w:themeColor="accent1" w:themeShade="BF"/></w:rPr></w:style><w:style w:type="table" w:styleId="Tabellenraster"><w:name w:val="Table Grid"/><w:basedOn w:val="NormaleTabelle"/><w:uiPriority w:val="39"/><w:rsid w:val="005F7E04"/><w:pPr><w:spacing w:after="0" w:line="240" w:lineRule="auto"/></w:pPr><w:tblPr><w:tblBorders><w:top w:val="single" w:sz="4" w:space="0" w:color="auto"/><w:left w:val="single" w:sz="4" w:space="0" w:color="auto"/><w:bottom w:val="single" w:sz="4" w:space="0" w:color="auto"/><w:right w:val="single" w:sz="4" w:space="0" w:color="auto"/><w:insideH w:val="single" w:sz="4" w:space="0" w:color="auto"/><w:insideV w:val="single" w:sz="4" w:space="0" w:color="auto"/></w:tblBorders></w:tblPr></w:style><w:style w:type="character" w:styleId="Hyperlink"><w:name w:val="Hyperlink"/><w:basedOn w:val="Absatz-Standardschriftart"/><w:uiPriority w:val="99"/><w:unhideWhenUsed/><w:rsid w:val="00632125"/><w:rPr><w:color w:val="0563C1" w:themeColor="hyperlink"/><w:u w:val="single"/></w:rPr></w:style></w:styles>''')
  f.close()
  
  # Document
  bodyContent = []
  bodyContent.append('<h1>%s</h1>'%self.getTitle(request))
  bodyContent.append(self.getBodyContent(request))
  bodyContent = ''.join(bodyContent)
  document = '''<?xml version="1.0" encoding="UTF-8" standalone="yes"?>
<w:document xmlns:wpc="http://schemas.microsoft.com/office/word/2010/wordprocessingCanvas" xmlns:mc="http://schemas.openxmlformats.org/markup-compatibility/2006" xmlns:o="urn:schemas-microsoft-com:office:office" xmlns:r="http://schemas.openxmlformats.org/officeDocument/2006/relationships" xmlns:m="http://schemas.openxmlformats.org/officeDocument/2006/math" xmlns:v="urn:schemas-microsoft-com:vml" xmlns:wp14="http://schemas.microsoft.com/office/word/2010/wordprocessingDrawing" xmlns:wp="http://schemas.openxmlformats.org/drawingml/2006/wordprocessingDrawing" xmlns:w10="urn:schemas-microsoft-com:office:word" xmlns:w="http://schemas.openxmlformats.org/wordprocessingml/2006/main" xmlns:w14="http://schemas.microsoft.com/office/word/2010/wordml" xmlns:w15="http://schemas.microsoft.com/office/word/2012/wordml" xmlns:wpg="http://schemas.microsoft.com/office/word/2010/wordprocessingGroup" xmlns:wpi="http://schemas.microsoft.com/office/word/2010/wordprocessingInk" xmlns:wne="http://schemas.microsoft.com/office/word/2006/wordml" xmlns:wps="http://schemas.microsoft.com/office/word/2010/wordprocessingShape" mc:Ignorable="w14 w15 wp14">
	<w:body>%s</w:body>
</w:document>'''%html2docbook(bodyContent)
  f = open(os.path.join(tempfolder,'word','document.xml'),'w')
  f.write(document)
  f.close()
  
  # Numbering
  rels.append({'Type':"http://schemas.openxmlformats.org/officeDocument/2006/relationships/numbering",'Target':"numbering.xml"})
  f = open(os.path.join(tempfolder,'word','numbering.xml'),'w')
  f.write('''<?xml version="1.0" encoding="UTF-8" standalone="yes"?>
<w:numbering xmlns:wpc="http://schemas.microsoft.com/office/word/2010/wordprocessingCanvas" xmlns:mc="http://schemas.openxmlformats.org/markup-compatibility/2006" xmlns:o="urn:schemas-microsoft-com:office:office" xmlns:r="http://schemas.openxmlformats.org/officeDocument/2006/relationships" xmlns:m="http://schemas.openxmlformats.org/officeDocument/2006/math" xmlns:v="urn:schemas-microsoft-com:vml" xmlns:wp14="http://schemas.microsoft.com/office/word/2010/wordprocessingDrawing" xmlns:wp="http://schemas.openxmlformats.org/drawingml/2006/wordprocessingDrawing" xmlns:w10="urn:schemas-microsoft-com:office:word" xmlns:w="http://schemas.openxmlformats.org/wordprocessingml/2006/main" xmlns:w14="http://schemas.microsoft.com/office/word/2010/wordml" xmlns:w15="http://schemas.microsoft.com/office/word/2012/wordml" xmlns:wpg="http://schemas.microsoft.com/office/word/2010/wordprocessingGroup" xmlns:wpi="http://schemas.microsoft.com/office/word/2010/wordprocessingInk" xmlns:wne="http://schemas.microsoft.com/office/word/2006/wordml" xmlns:wps="http://schemas.microsoft.com/office/word/2010/wordprocessingShape" mc:Ignorable="w14 w15 wp14"><w:abstractNum w:abstractNumId="0" w15:restartNumberingAfterBreak="0"><w:nsid w:val="2FAE7384"/><w:multiLevelType w:val="hybridMultilevel"/><w:tmpl w:val="A06CF5A6"/><w:lvl w:ilvl="0" w:tplc="04070001"><w:start w:val="1"/><w:numFmt w:val="bullet"/><w:lvlText w:val=""/><w:lvlJc w:val="left"/><w:pPr><w:ind w:left="720" w:hanging="360"/></w:pPr><w:rPr><w:rFonts w:ascii="Symbol" w:hAnsi="Symbol" w:hint="default"/></w:rPr></w:lvl><w:lvl w:ilvl="1" w:tplc="04070003" w:tentative="1"><w:start w:val="1"/><w:numFmt w:val="bullet"/><w:lvlText w:val="o"/><w:lvlJc w:val="left"/><w:pPr><w:ind w:left="1440" w:hanging="360"/></w:pPr><w:rPr><w:rFonts w:ascii="Courier New" w:hAnsi="Courier New" w:cs="Courier New" w:hint="default"/></w:rPr></w:lvl><w:lvl w:ilvl="2" w:tplc="04070005" w:tentative="1"><w:start w:val="1"/><w:numFmt w:val="bullet"/><w:lvlText w:val=""/><w:lvlJc w:val="left"/><w:pPr><w:ind w:left="2160" w:hanging="360"/></w:pPr><w:rPr><w:rFonts w:ascii="Wingdings" w:hAnsi="Wingdings" w:hint="default"/></w:rPr></w:lvl><w:lvl w:ilvl="3" w:tplc="04070001" w:tentative="1"><w:start w:val="1"/><w:numFmt w:val="bullet"/><w:lvlText w:val=""/><w:lvlJc w:val="left"/><w:pPr><w:ind w:left="2880" w:hanging="360"/></w:pPr><w:rPr><w:rFonts w:ascii="Symbol" w:hAnsi="Symbol" w:hint="default"/></w:rPr></w:lvl><w:lvl w:ilvl="4" w:tplc="04070003" w:tentative="1"><w:start w:val="1"/><w:numFmt w:val="bullet"/><w:lvlText w:val="o"/><w:lvlJc w:val="left"/><w:pPr><w:ind w:left="3600" w:hanging="360"/></w:pPr><w:rPr><w:rFonts w:ascii="Courier New" w:hAnsi="Courier New" w:cs="Courier New" w:hint="default"/></w:rPr></w:lvl><w:lvl w:ilvl="5" w:tplc="04070005" w:tentative="1"><w:start w:val="1"/><w:numFmt w:val="bullet"/><w:lvlText w:val=""/><w:lvlJc w:val="left"/><w:pPr><w:ind w:left="4320" w:hanging="360"/></w:pPr><w:rPr><w:rFonts w:ascii="Wingdings" w:hAnsi="Wingdings" w:hint="default"/></w:rPr></w:lvl><w:lvl w:ilvl="6" w:tplc="04070001" w:tentative="1"><w:start w:val="1"/><w:numFmt w:val="bullet"/><w:lvlText w:val=""/><w:lvlJc w:val="left"/><w:pPr><w:ind w:left="5040" w:hanging="360"/></w:pPr><w:rPr><w:rFonts w:ascii="Symbol" w:hAnsi="Symbol" w:hint="default"/></w:rPr></w:lvl><w:lvl w:ilvl="7" w:tplc="04070003" w:tentative="1"><w:start w:val="1"/><w:numFmt w:val="bullet"/><w:lvlText w:val="o"/><w:lvlJc w:val="left"/><w:pPr><w:ind w:left="5760" w:hanging="360"/></w:pPr><w:rPr><w:rFonts w:ascii="Courier New" w:hAnsi="Courier New" w:cs="Courier New" w:hint="default"/></w:rPr></w:lvl><w:lvl w:ilvl="8" w:tplc="04070005" w:tentative="1"><w:start w:val="1"/><w:numFmt w:val="bullet"/><w:lvlText w:val=""/><w:lvlJc w:val="left"/><w:pPr><w:ind w:left="6480" w:hanging="360"/></w:pPr><w:rPr><w:rFonts w:ascii="Wingdings" w:hAnsi="Wingdings" w:hint="default"/></w:rPr></w:lvl></w:abstractNum><w:abstractNum w:abstractNumId="1" w15:restartNumberingAfterBreak="0"><w:nsid w:val="302953F2"/><w:multiLevelType w:val="hybridMultilevel"/><w:tmpl w:val="62EA4B38"/><w:lvl w:ilvl="0" w:tplc="0407000F"><w:start w:val="1"/><w:numFmt w:val="decimal"/><w:lvlText w:val="%1."/><w:lvlJc w:val="left"/><w:pPr><w:ind w:left="720" w:hanging="360"/></w:pPr></w:lvl><w:lvl w:ilvl="1" w:tplc="04070019" w:tentative="1"><w:start w:val="1"/><w:numFmt w:val="lowerLetter"/><w:lvlText w:val="%2."/><w:lvlJc w:val="left"/><w:pPr><w:ind w:left="1440" w:hanging="360"/></w:pPr></w:lvl><w:lvl w:ilvl="2" w:tplc="0407001B" w:tentative="1"><w:start w:val="1"/><w:numFmt w:val="lowerRoman"/><w:lvlText w:val="%3."/><w:lvlJc w:val="right"/><w:pPr><w:ind w:left="2160" w:hanging="180"/></w:pPr></w:lvl><w:lvl w:ilvl="3" w:tplc="0407000F" w:tentative="1"><w:start w:val="1"/><w:numFmt w:val="decimal"/><w:lvlText w:val="%4."/><w:lvlJc w:val="left"/><w:pPr><w:ind w:left="2880" w:hanging="360"/></w:pPr></w:lvl><w:lvl w:ilvl="4" w:tplc="04070019" w:tentative="1"><w:start w:val="1"/><w:numFmt w:val="lowerLetter"/><w:lvlText w:val="%5."/><w:lvlJc w:val="left"/><w:pPr><w:ind w:left="3600" w:hanging="360"/></w:pPr></w:lvl><w:lvl w:ilvl="5" w:tplc="0407001B" w:tentative="1"><w:start w:val="1"/><w:numFmt w:val="lowerRoman"/><w:lvlText w:val="%6."/><w:lvlJc w:val="right"/><w:pPr><w:ind w:left="4320" w:hanging="180"/></w:pPr></w:lvl><w:lvl w:ilvl="6" w:tplc="0407000F" w:tentative="1"><w:start w:val="1"/><w:numFmt w:val="decimal"/><w:lvlText w:val="%7."/><w:lvlJc w:val="left"/><w:pPr><w:ind w:left="5040" w:hanging="360"/></w:pPr></w:lvl><w:lvl w:ilvl="7" w:tplc="04070019" w:tentative="1"><w:start w:val="1"/><w:numFmt w:val="lowerLetter"/><w:lvlText w:val="%8."/><w:lvlJc w:val="left"/><w:pPr><w:ind w:left="5760" w:hanging="360"/></w:pPr></w:lvl><w:lvl w:ilvl="8" w:tplc="0407001B" w:tentative="1"><w:start w:val="1"/><w:numFmt w:val="lowerRoman"/><w:lvlText w:val="%9."/><w:lvlJc w:val="right"/><w:pPr><w:ind w:left="6480" w:hanging="180"/></w:pPr></w:lvl></w:abstractNum>'''
+'\n\t'.join(['<w:num w:numId="%i"><w:abstractNumId w:val="%i"/></w:num>'%(nums.index(x)+1,x['abstract']) for x in nums])
+'</w:numbering>')
  f.close()
  
  # Relations
  os.makedirs(os.path.join(tempfolder,'word','_rels'))
  f = open(os.path.join(tempfolder,'word','_rels','document.xml.rels'),'w')
  f.write('''<?xml version="1.0" encoding="UTF-8" standalone="yes"?>
<Relationships xmlns="http://schemas.openxmlformats.org/package/2006/relationships">
	%s
</Relationships>'''%
   (
    '\n\t'.join(['<Relationship Id="rId%i" %s/>'%(rels.index(rel)+1,' '.join(['']+['%s="%s"'%(x,rel[x]) for x in rel])) for rel in rels])
   )
  )
  f.close()
  
  f = open(os.path.join(tempfolder,'[Content_Types].xml'),'w')
  f.write('''<?xml version="1.0" encoding="UTF-8" standalone="yes"?>
<Types xmlns="http://schemas.openxmlformats.org/package/2006/content-types">
	<Default Extension="jpg" ContentType="image/jpeg"/>
	<Default Extension="gif" ContentType="image/gif"/>
	<Default Extension="png" ContentType="image/png"/>
	<Default Extension="rels" ContentType="application/vnd.openxmlformats-package.relationships+xml"/>
	<Default Extension="xml" ContentType="application/xml"/>
 	<Override PartName="/word/numbering.xml" ContentType="application/vnd.openxmlformats-officedocument.wordprocessingml.numbering+xml"/>
	<Override PartName="/word/document.xml" ContentType="application/vnd.openxmlformats-officedocument.wordprocessingml.document.main+xml"/>
	<Override PartName="/word/styles.xml" ContentType="application/vnd.openxmlformats-officedocument.wordprocessingml.styles+xml"/>
	<Override PartName="/word/fontTable.xml" ContentType="application/vnd.openxmlformats-officedocument.wordprocessingml.fontTable+xml"/>
	<Override PartName="/word/theme/theme1.xml" ContentType="application/vnd.openxmlformats-officedocument.theme+xml"/>
	<Override PartName="/docProps/core.xml" ContentType="application/vnd.openxmlformats-package.core-properties+xml"/>
	<Override PartName="/docProps/app.xml" ContentType="application/vnd.openxmlformats-officedocument.extended-properties+xml"/>
</Types>''')
  f.close()
  
  data = self.buildZipArchive(os.path.join(tempfolder,'*'))
  shutil.rmtree(tempfolder)
  #request.RESPONSE.setHeader('Content-Type','text/xml')
  #return document
  request.RESPONSE.setHeader('Content-Disposition','inline;filename=%s.docx'%self.id_quote(self.getTitlealt(request)))
  request.RESPONSE.setHeader('Content-Type','application/vnd.openxmlformats-officedocument.wordprocessingml.document')
  return data]]>
      </item>
      <item key="description"></item>
      <item key="execution" type="int">0</item>
      <item key="icon_clazz"><![CDATA[icon-download]]></item>
      <item key="id"><![CDATA[manage_exportDocx]]></item>
      <item key="meta_type"><![CDATA[External Method]]></item>
      <item key="meta_types" type="list">
        <list>
          <item><![CDATA[type(ZMSDocument)]]></item>
        </list>
      </item>
      <item key="name"><![CDATA[DOCX Export]]></item>
      <item key="revision"><![CDATA[0.0.0]]></item>
      <item key="roles" type="list">
        <list>
          <item><![CDATA[ZMSAdministrator]]></item>
        </list>
      </item>
      <item key="title"><![CDATA[DOCX Export]]></item>
    </dictionary>
  </item>
  <item type="dictionary">
    <dictionary>
      <item key="data"><![CDATA[#!/usr/bin/python
# -*- coding: utf-8 -*-
import os
import re
import shutil
import tempfile
from xml.dom import minidom
from Products.zms import _fileutil

def manage_importDocx( self):
  request = self.REQUEST
  
  if request.get('btn')==self.getZMILangStr('BTN_IMPORT'):
    def getTextContent(cells):
        rc = []
        for cell in cells:
          for node in cell.childNodes:
              if node.nodeType in [node.TEXT_NODE,node.CDATA_SECTION_NODE]:
                  nd = node.data
                  rc.append(nd)
        return ''.join(rc).strip()
    result = []
    tempfolder = tempfile.mktemp()
    f = request['file']
    filename = os.path.join(tempfolder,f.filename)
    _fileutil.exportObj(f,filename)
    _fileutil.extractZipArchive(filename)
    document = minidom.parse(os.path.join(tempfolder,'word','document.xml'))
    for wpNode in document.getElementsByTagName("w:p"):
      for wrNode in wpNode.getElementsByTagName("w:r"):
        for wtNode in wrNode.getElementsByTagName("w:t"):
          result.append(getTextContent([wtNode]))
    shutil.rmtree(tempfolder)
    result.append('imported to %s'%tempfolder)
    return '\n'.join(result)
  
  html = ''
  html += '<!DOCTYPE html>'
  html += '<html lang="en">'
  html += self.zmi_html_head(self,request)
  html += '<body class="%s">'%(' '.join(['zmi',request['lang'],self.meta_id]))
  html += self.zmi_body_header(self,request,options=[{'action':'#','label':'Import DOCX...'}])
  html += '<div id="zmi-tab">'
  html += self.zmi_breadcrumbs(self,request)
  html += '<form class="form-horizontal" method="post" enctype="multipart/form-data">'
  html += '<legend>Import DOCX</legend>'
  html += '<div class="form-group row">'
  html += '<label class="control-label col-sm-2" for="file"><span>%s</span></label>'%self.getZMILangStr('ATTR_FILE')
  html += '<div class="col-sm-10"><input class="btn btn-file" size="25" name="file" type="file"/></div>'
  html += '</div><!-- .form-group -->'
  html += '<div class="form-row">'
  html += '<div class="controls save">'
  html += '<button type="submit" name="btn" class="btn btn-primary" value="%s">%s</button> '%(self.getZMILangStr('BTN_IMPORT'),self.getZMILangStr('BTN_IMPORT'))
  html += '<button type="button" name="btn" class="btn btn-secondary" value="return %s" onclick="btn_execute_click()">%s</button> '%(self.getZMILangStr('BTN_EXECUTE'),self.getZMILangStr('BTN_EXECUTE'))
  html += '</div>'
  html += '</div><!-- .form-row -->'
  
  # ---------------------------------
  
  html += '</form><!-- .form-horizontal -->'
  html += '<div style="clear:both;">&nbsp;</div>'
  html += '</div><!-- #zmi-tab -->'
  html += self.zmi_body_footer(self,request)
  html += '</body>'
  html += '</html>'
  
  return html]]>
      </item>
      <item key="description"></item>
      <item key="execution" type="int">0</item>
      <item key="icon_clazz"><![CDATA[icon-upload]]></item>
      <item key="id"><![CDATA[manage_importDocx]]></item>
      <item key="meta_type"><![CDATA[External Method]]></item>
      <item key="meta_types" type="list">
        <list>
          <item><![CDATA[type(ZMSDocument)]]></item>
        </list>
      </item>
      <item key="name"><![CDATA[DOCX Import...]]></item>
      <item key="revision"><![CDATA[0.0.0]]></item>
      <item key="roles" type="list">
        <list>
          <item><![CDATA[ZMSAdministrator]]></item>
        </list>
      </item>
      <item key="title"><![CDATA[DOCX Import...]]></item>
    </dictionary>
  </item>
</list>