<?xml version="1.0" encoding="utf-8"?>

<list>
  <item type="dictionary">
    <dictionary>
      <item key="data"><![CDATA[## Script (Python) "manage_attrChange"
##bind container=container
##bind context=context
##bind namespace=
##bind script=script
##bind subpath=traverse_subpath
##parameters=cselected=None,aselected=None,searchstr=None,replacestr=None,mode=None,lang='ger'
##title=*** DO NOT DELETE OR MODIFY ***
##
request = container.REQUEST
RESPONSE =  request.RESPONSE
zms = context.content
thisobj = context.this()
# cselected = request.get('cselected',None)
# aselected = request.get('aselected',None)
# mode = request.get('mode',None)
# request.set('lang',request.get('lang','eng'))
request.set('manage_lang',request.get('manage_lang',request.get('lang','eng')))
request.set( 'ZMI_TIME',DateTime().timeTime())
request.set('attrChangeCount',0)

#################################################
# Version 3.0, FH 2016-03-15
# Refactored for ZMS3
# based on V.1.2 (2010-06-03) Onkodin Bildatlas
#################################################

#################################################
# Vorgaben fuer Contentklassen und Attributarten
#################################################
excl_ids, types=[],[]
excl_ids=['ZMS','ZMSLib','ZMSSysFolder','ZMSTable','ZMSSqlDb','ZMSNote']
basictypes=['string','text','select','multiselect']


def decodeURIString(s):
  s = s.replace('%20',' ')
  s = s.replace('%22','"')
  s = s.replace('%26','&')
  s = s.replace('%28','(')
  s = s.replace('%29',')')
  s = s.replace('%2C',',')
  s = s.replace('%3A',':')
  s = s.replace('%3D','=')
  s = s.replace('%C4','Ä')
  s = s.replace('%D6','Ö')
  s = s.replace('%DC','Ü')
  s = s.replace('%DF','ß')
  s = s.replace('%E4','ä')
  s = s.replace('%F6','ö')
  s = s.replace('%FC','ü')

  return s

#################################################
# FUNCTION Alle relevanten Meta-Attributtypen
#################################################
def getAttrTypes():
  relevanttypes=basictypes
  for i in zms.metaobj_manager.getMetadictAttrs():
    t = zms.metaobj_manager.getMetadictAttr(i)['type']
    if t in basictypes:
      relevanttypes.append(i)
  return relevanttypes

#################################################
# FUNCTION Render LANG-Selector
#################################################
def renderLangSelector():
  s='<select class="form-control" id="lang" name="lang" title="Sprache ausw&auml;len">'
  for l in zms.getLanguages():
    s+='<option value="%s">%s</option>'%(l,l)
  s+='</select>'
  return s

#################################################
# FUNCTION Render CONTENT-Selector
#################################################
def renderContentClassSelector():
  s='<select class="form-control" id="cselected" name="cselected" title="Content-Klassen" onchange="javascript:ajaxAttrSelector(this.options[selectedIndex].value); return true;">\n'
  s+='<option value="">Content-Klasse w&auml;hlen:</option>\n'
  for i in zms.getMetaobjIds(excl_ids=excl_ids):
    s+='<option value="%s">%s</option>\n'%(i,i)
  s+='</select>'
  return s

#################################################
# FUNCTION Render ATTRIBUT-Selector
#################################################
def renderAttrSelector(cselected):
  s='<select class="form-control" id="aselected" title="Attribut-Namen" name="aselected">'
  if cselected!=None and cselected!='':
    relevanttypes=getAttrTypes()
    for a in zms.getMetaobjAttrIds(cselected,types=relevanttypes):
      s+='<option value="%s">%s</option>'%(a,a)
  else:
    s+='<option value="">Attribute:</option>\n'
  s+="</select>"
  return s


#################################################
# FUNCTION Execute in Preview or Replace Mode
#################################################
def ececuteAttrChange(cselected, aselected, searchstr,replacestr):
  searchstr = decodeURIString(searchstr)
  replacestr = decodeURIString(replacestr)
  attrFindCount=0
  attrChangeCount=0
  sError='<ol>'
  s='<ol>'
  l = []
  l.extend(thisobj.getTreeNodes(request, meta_types=[str(cselected)]))
  if len(l)>0:
    for e in l:
      v = e.getObjProperty(aselected,request)
      v = v.strip()
      s+='<li><a target="_blank" href="%s/manage"><code class="text-primary bg-info">%s</code></a><samp>: %s</samp>'%(str(e.absolute_url()), e.getId(), v )
      # type string/select
      # http://osdir.com/ml/python.general.german/2005-12/msg00061.html
      if isinstance(v, basestring) and searchstr==v:
        s+='<strong style="color:green"><i class="icon-exchange"></i> %s </strong>'%(replacestr)
        attrFindCount+=1
      # Execute type string/select
        if mode=='Replace':
          try:
            e.setObjStateModified(request)
            e.setObjProperty(aselected, replacestr, lang=lang)
            e.onChangeObj(request,forced=1)
            e.commitObj(request)
            s+=' <span style="color:green">Changed.</span> '
            attrChangeCount+=1
          except:
            s+=' <span style="color:red">ERROR: not replaced</span> '
      # type multiselect
      elif searchstr!='' and searchstr in v:
        try:
          s+=' <strong style="color:green"><i class="icon-exchange"></i> <samp>%s</samp></strong>'%([x for x in v if x!=searchstr]+[replacestr])
          attrFindCount+=1
        except:
          sError += '<li style="list-style-type:square;">No Specified Object Classes <em>%s</em> found. <a href="%s/manage_system" target="_blank">Iteration Error</a></li>'%(str(cselected), str(e.absolute_url()))
          # return s
      # Execute type multiselect
        if mode=='Replace':
          try:
            e.setObjStateModified(request)
            e.setObjProperty(aselected, [x for x in v if x!=searchstr]+[replacestr],lang=lang)
            e.onChangeObj(request,forced=1)
            e.commitObj(request)
            s+=' <span style="color:green">Changed.</span> '
            attrChangeCount+=1
          except:
            s+=' <span style="color:red">ERROR: not replaced</span> '
      s+='</li>'
    s+='</ol>'
    request.set('attrChangeCount',attrChangeCount)
    s+= '<pre>Changed: %i</pre>'%(request.get('attrChangeCount',0))
  else:
    s = '<ol><list-style-type:square;">No Object Classes <em>%s</em> found</li></ol>'%(str(cselected))
  sError += '</ol>'
  if sError == '<ol></ol>':
    sError = ''
  s += sError
  return s


#################################################
# FUNCTION Render HTML-Page: Default
#################################################
def renderHtml():
  s=''
  s+= '<!DOCTYPE html><html lang="en">'
  s+= thisobj.zmi_html_head(context,request)
  s+= '<body class="zmi" id="manage_attrChange" data-path="%s">'%(thisobj.getRootElement().getRefObjPath(thisobj))
  s+= thisobj.zmi_body_header(context,request)
  s+='<div id="zmi-tab">'
  s+=thisobj.zmi_breadcrumbs(context,request)

  s+= '''
    <script type="text/javascript">
      function ajaxAttrSelector(cselected) {
       $('#aselected').load('manage_attrChange?cselected=' + cselected );
      };
      function ajaxPreview(cselected, aselected, searchstr, replacestr, lang) {
       $('div#ObjList').html('<i class="icon-spinner icon-spin icon-large"></i>');
       $('div#ObjList').load('manage_attrChange?cselected=' + cselected + '&aselected=' + aselected + '&searchstr=' + encodeURI(searchstr) + '&replacestr=' + encodeURI(replacestr) + '&lang=' + lang + '&mode=Preview' );
      }
      function ajaxReplace(cselected, aselected, searchstr, replacestr, lang) {
       Check = confirm("Wollen Sie wirklich ersetzen?");
       if (Check == true) {
         $('div#ObjList').html('<i class="icon-spinner icon-spin icon-large"></i>');
         $('div#ObjList').load('manage_attrChange?cselected=' + cselected + '&aselected=' + aselected + '&searchstr=' + encodeURI(searchstr) + '&replacestr=' + encodeURI(replacestr) + '&lang=' + lang + '&mode=Replace' );
        };
      }
    </script>
    <style type="text/css">
      form#fAttrChange, div#ObjList{padding:2em 1em; font-family:Arial;font-size:12px;white-space:nowrap}
      form#fAttrChange select {width:240px}
      form#fAttrChange input#searchstr, form#fAttrChange input#replacestr {min-width:85px}
      form#fAttrChange select#lang {width:auto !important}
      div#ObjList ol {border:1px solid #ccc; background-color:#ffe;border-radius:4px;padding:1em 3em; margin:0px;overflow:hidden;}
      div#ObjList pre {margin-top:1em;}
    </style>'''
  s+= '<form id="fAttrChange" class="form-inline">'
  s+= renderContentClassSelector()
  s+= '&nbsp;'
  s+= renderAttrSelector(cselected=None)
  s+= '''
      &nbsp;Search &nbsp;<input class="form-control" id="searchstr" name="searchstr" type="text" title="Suchwert eingeben" value="" size="16" placeholder="Old String..."/>
      &nbsp;Replace&nbsp;<input class="form-control" id="replacestr" name="replacestr" type="text" title="Ersatzwert eingeben" value="" size="16" placeholder="New String..."/>
      &nbsp;'''
  s+= renderLangSelector()
  s+= '''&nbsp;
    <input class="form-control btn btn-primary" id="Preview" name="Preview" type="button" value="Preview" onclick="javascript:ajaxPreview($('#cselected option:selected').val(), $('#aselected option:selected').val(), escape($('#searchstr').val()), escape($('#replacestr').val()), $('#lang').val() ); return false;" />&nbsp;
    <input class="form-control btn btn-warning" id="Replace" name="Replace" type="button" value="Replace" onclick="javascript:ajaxReplace($('#cselected option:selected').val(), $('#aselected option:selected').val(), escape($('#searchstr').val()), escape($('#replacestr').val()), $('#lang').val() ); return false;" />
   </form>
   <div id="ObjList"> </div>'''

  s+='<div style="clear:both;">&nbsp;</div></div><!-- #zmi-tab -->'
  s+= thisobj.zmi_body_footer(context,request)
  #s+= thisobj.zmi_html_foot(context,request)
  s+='</body></html>'
  return s


#################################################
# OUTPUT HTML
#################################################
html = ''
# View Default
if cselected==None:
  html = renderHtml()
# View Selected Object's Attrs
elif cselected!=None and mode==None:
  html = renderAttrSelector(cselected=cselected)
# View Execute-Mode Preview or Excute
elif cselected!=None and aselected!=None and mode!=None:
  html += ececuteAttrChange(cselected=cselected, aselected=aselected, searchstr=searchstr, replacestr=replacestr)

print(html)
# print(request)
RESPONSE.setHeader('Content-Type','text/html;charset=utf-8')
return printed
]]>
      </item>
      <item key="description"></item>
      <item key="execution" type="int">0</item>
      <item key="icon_clazz"><![CDATA[icon-exchange]]></item>
      <item key="id"><![CDATA[manage_attrChange]]></item>
      <item key="meta_type"><![CDATA[Script (Python)]]></item>
      <item key="meta_types" type="list">
        <list>
          <item><![CDATA[ZMSDocument]]></item>
          <item><![CDATA[ZMSFolder]]></item>
          <item><![CDATA[ZMS]]></item>
        </list>
      </item>
      <item key="name"><![CDATA[Change Attribute Values]]></item>
      <item key="revision"><![CDATA[3.0.0]]></item>
      <item key="roles" type="list">
        <list>
          <item><![CDATA[ZMSAdministrator]]></item>
        </list>
      </item>
      <item key="title"><![CDATA[Change Attribute Values]]></item>
    </dictionary>
  </item>
</list>