<?xml version="1.0" encoding="UTF-8"?>
<dictionary>
<item key="dtml"><![CDATA[<!-- BO bodyContentZMSCustom_workflowHighlightChangesLib -->


<!-- EO bodyContentZMSCustom_workflowHighlightChangesLib -->
]]></item>
<item key="enabled" type="int">1</item>
<item key="key"><![CDATA[workflowHighlightChangesLib]]></item>
<item key="value" type="dictionary"><dictionary>
<item key="__obj_attrs__" type="list"><list>
<item type="dictionary"><dictionary>
<item key="custom"><![CDATA[<!--// BO getCustomBodyContent //-->

<dtml-with context>
 <dtml-if "isPreviewRequest( REQUEST)">
  <dtml-call "REQUEST.set('subclass','')">
  <dtml-if "inObjStates( [ 'STATE_NEW'], REQUEST)">
   <dtml-call "REQUEST.set('subclass',subclass+' new')">
  <dtml-elif "inObjStates( [ 'STATE_DELETED'], REQUEST)">
   <dtml-call "REQUEST.set('subclass',subclass+' deleted')">
  <dtml-elif "inObjStates( [ 'STATE_MODIFIED'], REQUEST)">
   <dtml-call "REQUEST.set('subclass',subclass+' modified')">
  </dtml-if>
  <dtml-if "len(subclass)>0">
   <dtml-return "'<div class='+QUOT+'ZMSObject'+subclass+QUOT+'>'+html+'</div>'">
  </dtml-if>
 </dtml-if>
 <dtml-return html>
</dtml-with>

<!--// EO getCustomBodyContent //-->
]]></item>
<item key="default"/>
<item key="id"><![CDATA[getCustomBodyContent]]></item>
<item key="keys" type="list"><list>
</list>
</item>
<item key="mandatory" type="int">0</item>
<item key="multilang" type="int">0</item>
<item key="name"><![CDATA[Get custom body-content]]></item>
<item key="repetitive" type="int">0</item>
<item key="type"><![CDATA[DTML Method]]></item>
</dictionary>
</item>
</list>
</item>
<item key="acquired" type="int">0</item>
<item key="name"><![CDATA[Worfklow: Highlight-Changes]]></item>
<item key="package"/>
<item key="type"><![CDATA[ZMSLibrary]]></item>
</dictionary>
</item>
</dictionary>
